time,valve_states (),pressure[0] (psi),pressure[1] (psi),pressure[2] (psi),pressure[3] (psi),pressure[4] (psi),pressure[5] (psi),pressure[6] (psi),pressure[7] (psi),samplerate (Hz),motor_setpoint[0] (degrees),motor_setpoint[1] (degrees),main_cycle_time (microseconds),motor_cycle_time (microseconds),adc_cycle_time (microseconds),telemetry_cycle_time (microseconds),ebatt (Volts),ibus (Amps),telemetry_rate (Hz),motor_control_gain[0] (),motor_control_gain[1] (),motor_control_gain[2] (),motor_position[0] (),motor_position[1] (),motor_pwm[0] (),motor_pwm[1] (),count1 (),count2 (),count3 (),STATE (),load[0] (lbs),load[1] (lbs),load[2] (lbs),load[3] (lbs),thrust_load (lbs),thermocouple[0] (degC),thermocouple[1] (degC),thermocouple[2] (degC),thermocouple[3] (degC),ivlv[0] (Amps),ivlv[1] (Amps),ivlv[2] (Amps),ivlv[3] (Amps),ivlv[4] (Amps),ivlv[5] (Amps),ivlv[6] (Amps),ivlv[7] (Amps),ivlv[15] (Amps),evlv[0] (Volts),evlv[1] (Volts),evlv[2] (Volts),evlv[3] (Volts),evlv[4] (Volts),evlv5,evlv[6] (Volts),evlv[7] (Volts),evlv[8] (Volts),evlv[9] (Volts),evlv[10] (Volts),evlv[11] (Volts),evlv[12] (Volts),evlv[13] (Volts),evlv[14] (Volts),evlv15,LOG_TO_AUTO (),auto_states (),
9.854471129148697,0,-249.0,-199.0,-199.0,-199.0,-312.0,-199.0,-312.0,-199.0,50,0.0,0.0,2,9946,19813,99022,12.54,0.0,10,500.0,0.0,0.0,-63.947,-29.737,0,0,0,0,0,1,0.0,0.0,0.0,0.0,0.0,2047,2047,2047,2047,0.01,0.02,0.03,0.03,0.04,0.04,0.05,0.06,0.02,6.34,6.32,6.27,6.27,6.31,6.33,6.35,6.31,6.32,6.34,6.32,6.31,6.29,6.33,7.13,6.31,-1,0,
9.885990302711726,0,-249.0,-199.0,-199.0,-199.0,-312.0,-199.0,-312.0,-199.0,50,0.0,0.0,4,9948,19813,99020,12.54,0.0,10,500.0,0.0,0.0,-64.014,-29.737,0,0,0,0,0,1,0.0,0.0,0.0,0.0,0.0,2047,2047,2047,2047,0.02,0.02,0.03,0.03,0.03,0.04,0.05,0.05,0.02,6.34,6.31,6.27,6.27,6.31,6.33,6.35,6.31,6.32,6.34,6.31,6.31,6.29,6.33,7.13,6.31,-1,0,
9.891478947395369,0,-249.0,-199.0,-199.0,-199.0,-312.0,-199.0,-312.0,-199.0,50,0.0,0.0,4,9947,19813,99022,12.54,0.0,10,500.0,0.0,0.0,-64.014,-29.67,0,0,0,0,0,1,0.0,0.0,0.0,0.0,0.0,2047,2047,2047,2047,0.01,0.02,0.03,0.03,0.04,0.04,0.05,0.05,0.02,6.34,6.32,6.27,6.27,6.31,6.33,6.35,6.3,6.32,6.34,6.32,6.31,6.29,6.33,7.13,6.31,-1,0,
9.90013858145159,0,-249.0,-199.0,-199.0,-199.0,-312.0,-199.0,-312.0,-199.0,50,0.0,0.0,4,9947,19813,99023,12.54,0.0,10,500.0,0.0,0.0,-64.014,-29.737,0,0,0,0,0,1,0.0,0.0,0.0,0.0,0.0,2047,2047,2047,2047,0.02,0.02,0.03,0.03,0.04,0.04,0.05,0.06,0.02,6.34,6.32,6.27,6.27,6.31,6.33,6.35,6.31,6.32,6.34,6.31,6.31,6.29,6.33,7.13,6.3,-1,0,
9.937931467034852,0,-249.0,-199.0,-199.0,-199.0,-312.0,-199.0,-312.0,-199.0,50,0.0,0.0,4,9948,19813,99022,12.54,0.0,10,500.0,0.0,0.0,-64.014,-29.737,0,0,0,0,0,1,0.0,0.0,0.0,0.0,0.0,2047,2047,2047,2047,0.01,0.02,0.03,0.03,0.03,0.04,0.05,0.05,0.02,6.34,6.32,6.27,6.27,6.31,6.33,6.35,6.31,6.32,6.34,6.31,6.32,6.29,6.33,7.13,6.31,-1,0,
10.050478549741696,0,-249.0,-199.0,-199.0,-199.0,-312.0,-199.0,-312.0,-199.0,50,0.0,0.0,3,9946,19813,99022,12.54,0.0,10,500.0,0.0,0.0,-64.014,-29.67,0,0,0,0,0,1,0.0,0.0,0.0,0.0,0.0,2047,2047,2047,2047,0.01,0.02,0.03,0.03,0.04,0.04,0.05,0.05,0.01,6.34,6.32,6.27,6.27,6.31,6.33,6.35,6.3,6.32,6.34,6.31,6.32,6.29,6.33,7.13,6.31,-1,0,
10.145813884427849,0,-249.0,-199.0,-199.0,-199.0,-312.0,-199.0,-312.0,-199.0,50,0.0,0.0,4,9948,19813,99021,12.54,0.0,10,500.0,0.0,0.0,-63.947,-29.737,0,0,0,0,0,1,0.0,0.0,0.0,0.0,0.0,2047,2047,2047,2047,0.01,0.02,0.03,0.03,0.04,0.04,0.05,0.05,0.02,6.34,6.32,6.27,6.27,6.31,6.33,6.35,6.31,6.31,6.34,6.31,6.31,6.29,6.33,7.13,6.31,-1,0,
10.241090339063756,0,-249.0,-199.0,-199.0,-199.0,-312.0,-199.0,-312.0,-199.0,50,0.0,0.0,4,9948,19813,99022,12.54,0.0,10,500.0,0.0,0.0,-64.014,-29.737,0,0,0,0,0,1,0.0,0.0,0.0,0.0,0.0,2047,2047,2047,2047,0.01,0.02,0.03,0.03,0.04,0.04,0.05,0.05,0.02,6.34,6.32,6.27,6.27,6.31,6.33,6.35,6.3,6.32,6.34,6.32,6.32,6.29,6.33,7.13,6.31,-1,0,
10.353218861413428,0,-249.0,-199.0,-199.0,-199.0,-312.0,-199.0,-312.0,-199.0,50,0.0,0.0,4,9947,19813,99022,12.54,0.0,10,500.0,0.0,0.0,-64.014,-29.737,0,0,0,0,0,1,0.0,0.0,0.0,0.0,0.0,2047,2047,2047,2047,0.01,0.02,0.03,0.03,0.04,0.04,0.05,0.05,0.02,6.34,6.32,6.27,6.27,6.31,6.33,6.35,6.31,6.32,6.34,6.32,6.32,6.29,6.33,7.13,6.31,-1,0,
10.44972710376713,0,-249.0,-199.0,-199.0,-199.0,-312.0,-199.0,-312.0,-199.0,50,0.0,0.0,4,9946,19813,99022,12.54,0.0,10,500.0,0.0,0.0,-63.947,-29.737,0,0,0,0,0,1,0.0,0.0,0.0,0.0,0.0,2047,2047,2047,2047,0.01,0.02,0.03,0.03,0.03,0.04,0.05,0.06,0.02,6.34,6.32,6.27,6.27,6.31,6.33,6.35,6.31,6.32,6.34,6.32,6.32,6.29,6.33,7.13,6.31,-1,0,
10.54649518634256,0,-249.0,-199.0,-199.0,-199.0,-312.0,-199.0,-312.0,-199.0,50,0.0,0.0,4,9947,19813,99022,12.54,0.0,10,500.0,0.0,0.0,-64.05,-29.689,0,0,0,0,0,1,0.0,0.0,0.0,0.0,0.0,2047,2047,2047,2047,0.01,0.02,0.03,0.03,0.04,0.04,0.05,0.06,0.02,6.34,6.32,6.27,6.27,6.31,6.33,6.35,6.31,6.32,6.34,6.32,6.32,6.29,6.33,7.13,6.31,-1,0,
10.641515214092983,0,-249.0,-199.0,-199.0,-199.0,-312.0,-199.0,-312.0,-199.0,50,0.0,0.0,4,9946,19813,99021,12.54,0.0,10,500.0,0.0,0.0,-63.947,-29.737,0,0,0,0,0,1,0.0,0.0,0.0,0.0,0.0,2047,2047,2047,2047,0.01,0.02,0.03,0.03,0.04,0.04,0.05,0.06,0.02,6.34,6.32,6.27,6.27,6.31,6.33,6.35,6.31,6.32,6.34,6.31,6.32,6.29,6.33,7.13,6.31,-1,0,
10.754395950417878,0,-249.0,-199.0,-199.0,-199.0,-312.0,-199.0,-312.0,-199.0,50,0.0,0.0,4,9947,19813,99023,12.54,0.0,10,500.0,0.0,0.0,-63.947,-29.67,0,0,0,0,0,1,0.0,0.0,0.0,0.0,0.0,2047,2047,2047,2047,0.01,0.02,0.03,0.03,0.04,0.04,0.05,0.06,0.02,6.34,6.31,6.27,6.27,6.31,6.33,6.35,6.31,6.32,6.34,6.31,6.32,6.29,6.33,7.13,6.31,-1,0,
10.849076351211819,0,-249.0,-199.0,-199.0,-199.0,-312.0,-199.0,-312.0,-199.0,50,0.0,0.0,4,9946,19813,99021,12.54,0.0,10,500.0,0.0,0.0,-64.014,-29.67,0,0,0,0,0,1,0.0,0.0,0.0,0.0,0.0,2047,2047,2047,2047,0.01,0.02,0.02,0.03,0.04,0.04,0.05,0.06,0.02,6.34,6.32,6.27,6.27,6.31,6.33,6.35,6.3,6.32,6.34,6.31,6.31,6.29,6.33,7.13,6.31,-1,0,
10.945520593510906,0,-249.0,-199.0,-199.0,-199.0,-312.0,-199.0,-312.0,-199.0,50,0.0,0.0,3,9948,19829,99021,12.54,0.0,10,500.0,0.0,0.0,-63.91,-29.652,0,0,0,0,0,1,0.0,0.0,0.0,0.0,0.0,2047,2047,2047,2047,0.01,0.02,0.03,0.03,0.04,0.04,0.05,0.05,0.02,6.34,6.32,6.27,6.27,6.31,6.33,6.35,6.31,6.32,6.34,6.31,6.32,6.29,6.33,7.13,6.31,-1,0,
11.04111022174739,0,-249.0,-199.0,-199.0,-199.0,-312.0,-199.0,-312.0,-199.0,50,0.0,0.0,4,9967,19814,99021,12.54,0.0,10,500.0,0.0,0.0,-63.947,-29.737,0,0,0,0,0,1,0.0,0.0,0.0,0.0,0.0,2047,2047,2047,2047,0.01,0.02,0.03,0.03,0.04,0.04,0.05,0.05,0.02,6.34,6.32,6.27,6.27,6.31,6.33,6.35,6.31,6.32,6.34,6.31,6.31,6.29,6.33,7.13,6.31,-1,0,
11.154353625048426,0,-249.0,-199.0,-199.0,-199.0,-312.0,-199.0,-312.0,-199.0,50,0.0,0.0,4,9946,19814,99023,12.543,0.0,10,500.0,0.0,0.0,-63.947,-29.737,0,0,0,0,0,1,0.0,0.0,0.0,0.0,0.0,2047,2047,2047,2047,0.01,0.02,0.03,0.03,0.04,0.04,0.05,0.06,0.02,6.34,6.32,6.27,6.27,6.31,6.33,6.35,6.3,6.32,6.34,6.31,6.32,6.29,6.33,7.13,6.31,-1,0,
11.250404053678126,0,-249.0,-199.0,-199.0,-199.0,-312.0,-199.0,-312.0,-199.0,50,0.0,0.0,4,9947,19815,99021,12.54,0.0,10,500.0,0.0,0.0,-63.947,-29.67,0,0,0,0,0,1,0.0,0.0,0.0,0.0,0.0,2047,2047,2047,2047,0.02,0.02,0.03,0.03,0.04,0.04,0.05,0.05,0.02,6.34,6.32,6.27,6.27,6.31,6.33,6.35,6.3,6.32,6.33,6.31,6.31,6.29,6.33,7.13,6.31,-1,0,
11.346072188648268,0,-249.0,-199.0,-199.0,-199.0,-312.0,-199.0,-312.0,-199.0,50,0.0,0.0,3,9947,19813,99022,12.54,0.0,10,500.0,0.0,0.0,-64.014,-29.67,0,0,0,0,0,1,0.0,0.0,0.0,0.0,0.0,2047,2047,2047,2047,0.01,0.02,0.03,0.03,0.04,0.04,0.05,0.05,0.02,6.34,6.31,6.27,6.27,6.31,6.33,6.35,6.31,6.32,6.34,6.31,6.31,6.29,6.33,7.13,6.31,-1,0,
11.441926777110849,0,-249.0,-199.0,-199.0,-199.0,-312.0,-199.0,-312.0,-199.0,50,0.0,0.0,3,9947,19813,99022,12.54,0.0,10,500.0,0.0,0.0,-64.014,-29.67,0,0,0,0,0,1,0.0,0.0,0.0,0.0,0.0,2047,2047,2047,2047,0.01,0.02,0.03,0.03,0.03,0.04,0.05,0.05,0.02,6.34,6.32,6.27,6.27,6.31,6.33,6.35,6.31,6.32,6.34,6.31,6.31,6.29,6.33,7.13,6.31,-1,0,
11.554356099717205,0,-249.0,-199.0,-199.0,-199.0,-312.0,-199.0,-312.0,-199.0,50,0.0,0.0,4,9946,19813,99022,12.54,0.0,10,500.0,0.0,0.0,-64.014,-29.67,0,0,0,0,0,1,0.0,0.0,0.0,0.0,0.0,2047,2047,2047,2047,0.01,0.02,0.03,0.03,0.03,0.04,0.05,0.06,0.02,6.34,6.31,6.27,6.27,6.32,6.33,6.35,6.3,6.32,6.34,6.32,6.32,6.29,6.33,7.13,6.31,-1,0,
11.650468395066364,0,-249.0,-199.0,-199.0,-199.0,-312.0,-199.0,-312.0,-199.0,50,0.0,0.0,4,9947,19813,99022,12.54,0.0,10,500.0,0.0,0.0,-63.947,-29.67,0,0,0,0,0,1,0.0,0.0,0.0,0.0,0.0,2047,2047,2047,2047,0.01,0.02,0.03,0.03,0.03,0.04,0.05,0.05,0.02,6.34,6.32,6.27,6.27,6.31,6.33,6.35,6.31,6.31,6.34,6.32,6.32,6.29,6.33,7.13,6.31,-1,0,
11.745278075970624,0,-249.0,-199.0,-199.0,-199.0,-312.0,-199.0,-312.0,-199.0,50,0.0,0.0,4,9947,19813,99021,12.54,0.0,10,500.0,0.0,0.0,-63.947,-29.737,0,0,0,0,0,1,0.0,0.0,0.0,0.0,0.0,2047,2047,2047,2047,0.02,0.02,0.02,0.03,0.03,0.04,0.05,0.05,0.02,6.34,6.32,6.27,6.27,6.31,6.33,6.35,6.31,6.32,6.33,6.32,6.32,6.29,6.33,7.13,6.31,-1,0,
11.840939384268275,0,-249.0,-199.0,-199.0,-199.0,-312.0,-199.0,-312.0,-199.0,50,0.0,0.0,3,9947,19811,99021,12.54,0.0,10,500.0,0.0,0.0,-64.014,-29.67,0,0,0,0,0,1,0.0,0.0,0.0,0.0,0.0,2047,2047,2047,2047,0.01,0.02,0.02,0.03,0.03,0.04,0.05,0.05,0.02,6.34,6.32,6.27,6.27,6.31,6.33,6.35,6.31,6.32,6.34,6.32,6.31,6.29,6.33,7.13,6.31,-1,0,
11.953288066805817,0,-249.0,-199.0,-199.0,-199.0,-312.0,-199.0,-312.0,-199.0,50,0.0,0.0,3,9946,19813,99022,12.54,0.0,10,500.0,0.0,0.0,-64.014,-29.67,0,0,0,0,0,1,0.0,0.0,0.0,0.0,0.0,2047,2047,2047,2047,0.01,0.02,0.03,0.03,0.04,0.04,0.05,0.05,0.02,6.34,6.32,6.27,6.27,6.31,6.33,6.35,6.31,6.32,6.34,6.32,6.32,6.29,6.32,7.13,6.31,-1,0,
12.049022761832756,0,-249.0,-199.0,-199.0,-199.0,-312.0,-199.0,-312.0,-199.0,50,0.0,0.0,4,9948,19813,99021,12.536,0.0,10,500.0,0.0,0.0,-64.014,-29.603,0,0,0,0,0,1,0.0,0.0,0.0,0.0,0.0,2047,2047,2047,2047,0.01,0.02,0.03,0.03,0.03,0.04,0.05,0.05,0.02,6.34,6.32,6.27,6.27,6.31,6.33,6.35,6.31,6.32,6.34,6.32,6.31,6.29,6.33,7.13,6.31,-1,0,
12.145365457378524,0,-249.0,-199.0,-199.0,-199.0,-312.0,-199.0,-312.0,-199.0,50,0.0,0.0,2,9947,19813,99022,12.54,0.0,10,500.0,0.0,0.0,-64.08,-29.67,0,0,0,0,0,1,0.0,0.0,0.0,0.0,0.0,2047,2047,2047,2047,0.01,0.02,0.03,0.03,0.03,0.04,0.05,0.05,0.02,6.34,6.32,6.27,6.27,6.31,6.33,6.35,6.31,6.32,6.33,6.32,6.31,6.29,6.33,7.13,6.31,-1,0,
12.241659512882784,0,-249.0,-199.0,-199.0,-199.0,-312.0,-199.0,-312.0,-199.0,50,0.0,0.0,4,9948,19813,99021,12.54,0.0,10,500.0,0.0,0.0,-63.88,-29.603,0,0,0,0,0,1,0.0,0.0,0.0,0.0,0.0,2047,2047,2047,2047,0.01,0.02,0.03,0.03,0.04,0.04,0.04,0.05,0.02,6.34,6.31,6.27,6.27,6.31,6.33,6.35,6.31,6.32,6.34,6.31,6.32,6.29,6.33,7.13,6.31,-1,0,
12.353002541228836,0,-249.0,-199.0,-199.0,-199.0,-312.0,-199.0,-312.0,-199.0,50,0.0,0.0,2,9946,19813,99024,12.54,0.0,10,500.0,0.0,0.0,-63.947,-29.67,0,0,0,0,0,1,0.0,0.0,0.0,0.0,0.0,2047,2047,2047,2047,0.01,0.02,0.03,0.03,0.04,0.05,0.05,0.05,0.02,6.34,6.32,6.27,6.27,6.31,6.33,6.35,6.3,6.32,6.34,6.31,6.32,6.29,6.33,7.13,6.31,-1,0,
12.449099049897855,0,-249.0,-199.0,-199.0,-199.0,-312.0,-199.0,-312.0,-199.0,50,0.0,0.0,4,9946,19813,99020,12.54,0.0,10,500.0,0.0,0.0,-64.05,-29.756,0,0,0,0,0,1,0.0,0.0,0.0,0.0,0.0,2047,2047,2047,2047,0.01,0.02,0.03,0.03,0.04,0.04,0.05,0.05,0.02,6.34,6.32,6.27,6.27,6.31,6.33,6.35,6.31,6.31,6.34,6.32,6.32,6.29,6.33,7.13,6.31,-1,0,
12.545275345301627,0,-249.0,-199.0,-199.0,-199.0,-312.0,-199.0,-312.0,-199.0,50,0.0,0.0,4,9948,19813,99023,12.543,0.0,10,500.0,0.0,0.0,-63.947,-29.737,0,0,0,0,0,1,0.0,0.0,0.0,0.0,0.0,2047,2047,2047,2047,0.01,0.02,0.03,0.03,0.04,0.04,0.05,0.06,0.02,6.34,6.32,6.27,6.27,6.31,6.33,6.35,6.31,6.32,6.34,6.32,6.32,6.29,6.33,7.13,6.31,-1,0,
12.641890254413017,0,-249.0,-199.0,-199.0,-199.0,-312.0,-199.0,-312.0,-199.0,50,0.0,0.0,4,9947,19813,99022,12.54,0.0,10,500.0,0.0,0.0,-64.014,-29.67,0,0,0,0,0,1,0.0,0.0,0.0,0.0,0.0,2047,2047,2047,2047,0.01,0.02,0.03,0.03,0.04,0.04,0.05,0.05,0.02,6.34,6.32,6.27,6.27,6.31,6.33,6.35,6.3,6.32,6.34,6.31,6.31,6.29,6.33,7.13,6.31,-1,0,
12.753055789274274,0,-249.0,-199.0,-199.0,-199.0,-312.0,-199.0,-312.0,-199.0,50,0.0,0.0,4,9946,19813,99021,12.54,0.0,10,500.0,0.0,0.0,-64.08,-29.67,0,0,0,0,0,1,0.0,0.0,0.0,0.0,0.0,2047,2047,2047,2047,0.01,0.02,0.03,0.03,0.03,0.04,0.05,0.05,0.02,6.34,6.32,6.27,6.27,6.31,6.33,6.35,6.31,6.32,6.34,6.32,6.32,6.29,6.33,7.13,6.31,-1,0,
12.84939848482004,0,-249.0,-199.0,-199.0,-199.0,-312.0,-199.0,-312.0,-199.0,50,0.0,0.0,3,9948,19813,99022,12.54,0.0,10,500.0,0.0,0.0,-64.014,-29.67,0,0,0,0,0,1,0.0,0.0,0.0,0.0,0.0,2047,2047,2047,2047,0.01,0.02,0.03,0.03,0.04,0.04,0.05,0.06,0.02,6.34,6.32,6.27,6.27,6.31,6.33,6.35,6.31,6.32,6.34,6.32,6.31,6.29,6.33,7.13,6.31,-1,0,
12.945637500277334,0,-249.0,-199.0,-199.0,-199.0,-312.0,-199.0,-312.0,-199.0,50,0.0,0.0,2,9948,19812,99022,12.54,0.0,10,500.0,0.0,0.0,-63.947,-29.67,0,0,0,0,0,1,0.0,0.0,0.0,0.0,0.0,2047,2047,2047,2047,0.01,0.02,0.02,0.03,0.03,0.04,0.05,0.05,0.02,6.34,6.32,6.27,6.27,6.31,6.33,6.35,6.31,6.32,6.34,6.31,6.32,6.29,6.33,7.13,6.31,-1,0,
13.04115032844828,0,-249.0,-199.0,-199.0,-199.0,-312.0,-199.0,-312.0,-199.0,50,0.0,0.0,2,9948,19813,99021,12.543,0.0,10,500.0,0.0,0.0,-63.947,-29.737,0,0,0,0,0,1,0.0,0.0,0.0,0.0,0.0,2047,2047,2047,2047,0.01,0.02,0.03,0.03,0.04,0.04,0.04,0.05,0.02,6.34,6.32,6.27,6.27,6.31,6.33,6.35,6.3,6.32,6.34,6.31,6.31,6.29,6.33,7.13,6.31,-1,0,
13.15306253061336,0,-249.0,-199.0,-199.0,-199.0,-312.0,-199.0,-312.0,-199.0,50,0.0,0.0,4,9948,19813,99022,12.54,0.0,10,500.0,0.0,0.0,-63.874,-29.7,0,0,0,0,0,1,0.0,0.0,0.0,0.0,0.0,2047,2047,2047,2047,0.01,0.02,0.03,0.03,0.04,0.04,0.05,0.05,0.02,6.34,6.32,6.27,6.27,6.31,6.33,6.35,6.3,6.32,6.34,6.31,6.31,6.29,6.33,7.13,6.31,-1,0,
13.25033792028836,0,-249.0,-199.0,-199.0,-199.0,-312.0,-199.0,-312.0,-199.0,50,0.0,0.0,4,9946,19812,99022,12.54,0.0,10,500.0,0.0,0.0,-64.014,-29.67,0,0,0,0,0,1,0.0,0.0,0.0,0.0,0.0,2047,2047,2047,2047,0.01,0.02,0.03,0.03,0.04,0.04,0.05,0.05,0.02,6.34,6.32,6.27,6.27,6.31,6.33,6.35,6.31,6.32,6.33,6.31,6.32,6.29,6.33,7.13,6.31,-1,0,
13.34589810849972,0,-249.0,-199.0,-199.0,-199.0,-312.0,-199.0,-312.0,-199.0,50,0.0,0.0,4,9946,19813,99022,12.54,0.0,10,500.0,0.0,0.0,-64.014,-29.67,0,0,0,0,0,1,0.0,0.0,0.0,0.0,0.0,2047,2047,2047,2047,0.01,0.02,0.03,0.03,0.04,0.04,0.04,0.05,0.02,6.34,6.32,6.27,6.27,6.31,6.33,6.35,6.3,6.32,6.34,6.32,6.32,6.29,6.33,7.13,6.31,-1,0,
13.456420656145626,0,-249.0,-199.0,-199.0,-199.0,-312.0,-199.0,-312.0,-199.0,50,0.0,0.0,4,10315,19816,99022,12.54,0.0,10,500.0,0.0,0.0,-63.947,-29.67,0,0,0,0,0,1,0.0,0.0,0.0,0.0,0.0,2047,2047,2047,2047,0.01,0.02,0.03,0.03,0.04,0.04,0.04,0.05,0.02,6.34,6.31,6.27,6.27,6.31,6.33,6.35,6.31,6.32,6.34,6.32,6.32,6.29,6.33,7.13,6.31,-1,0,
13.55293060516745,0,-249.0,-199.0,-199.0,-199.0,-312.0,-199.0,-312.0,-199.0,50,0.0,0.0,4,9947,19811,99022,12.54,0.0,10,500.0,0.0,0.0,-64.014,-29.67,0,0,0,0,0,1,0.0,0.0,0.0,0.0,0.0,2047,2047,2047,2047,0.01,0.02,0.03,0.03,0.04,0.04,0.05,0.05,0.02,6.34,6.32,6.27,6.27,6.31,6.33,6.35,6.31,6.32,6.34,6.31,6.32,6.29,6.33,7.13,6.31,-1,0,
13.650075861398069,0,-249.0,-199.0,-199.0,-199.0,-312.0,-199.0,-312.0,-199.0,50,0.0,0.0,3,9946,19813,99022,12.54,0.0,10,500.0,0.0,0.0,-63.947,-29.67,0,0,0,0,0,1,0.0,0.0,0.0,0.0,0.0,2047,2047,2047,2047,0.01,0.02,0.03,0.03,0.03,0.04,0.05,0.05,0.02,6.34,6.32,6.27,6.27,6.31,6.33,6.35,6.31,6.32,6.33,6.31,6.32,6.29,6.33,7.13,6.31,-1,0,
13.745029329091695,0,-249.0,-199.0,-199.0,-199.0,-312.0,-199.0,-312.0,-199.0,50,0.0,0.0,4,9947,19813,99021,12.54,0.0,10,500.0,0.0,0.0,-64.014,-29.737,0,0,0,0,0,1,0.0,0.0,0.0,0.0,0.0,2047,2047,2047,2047,0.01,0.02,0.03,0.03,0.03,0.04,0.05,0.06,0.02,6.34,6.32,6.27,6.27,6.31,6.33,6.35,6.31,6.32,6.34,6.32,6.32,6.29,6.33,7.13,6.31,-1,0,
13.857000837974049,0,-249.0,-199.0,-199.0,-199.0,-312.0,-199.0,-312.0,-199.0,50,0.0,0.0,4,9947,19813,99023,12.54,0.0,10,500.0,0.0,0.0,-63.947,-29.737,0,0,0,0,0,1,0.0,0.0,0.0,0.0,0.0,2047,2047,2047,2047,0.01,0.02,0.03,0.03,0.04,0.04,0.05,0.05,0.02,6.34,6.32,6.27,6.27,6.31,6.33,6.35,6.31,6.32,6.34,6.31,6.32,6.29,6.33,7.13,6.31,-1,0,
13.954205827588973,0,-249.0,-199.0,-199.0,-199.0,-312.0,-199.0,-312.0,-199.0,50,0.0,0.0,4,9948,19813,99021,12.54,0.0,10,500.0,0.0,0.0,-63.977,-29.719,0,0,0,0,0,1,0.0,0.0,0.0,0.0,0.0,2047,2047,2047,2047,0.01,0.02,0.03,0.03,0.03,0.04,0.05,0.05,0.02,6.34,6.32,6.27,6.27,6.31,6.33,6.35,6.31,6.32,6.33,6.31,6.32,6.29,6.33,7.13,6.31,-1,0,
14.049019775163542,0,-249.0,-199.0,-199.0,-199.0,-312.0,-199.0,-312.0,-199.0,50,0.0,0.0,4,9948,19813,99022,12.54,0.0,10,500.0,0.0,0.0,-63.947,-29.67,0,0,0,0,0,1,0.0,0.0,0.0,0.0,0.0,2047,2047,2047,2047,0.01,0.02,0.03,0.03,0.03,0.04,0.05,0.05,0.02,6.34,6.31,6.27,6.27,6.31,6.33,6.35,6.31,6.31,6.34,6.31,6.31,6.29,6.33,7.13,6.31,-1,0,
14.145058683783411,0,-249.0,-199.0,-199.0,-199.0,-312.0,-199.0,-312.0,-199.0,50,0.0,0.0,2,9946,19813,99022,12.54,0.0,10,500.0,0.0,0.0,-64.014,-29.67,0,0,0,0,0,1,0.0,0.0,0.0,0.0,0.0,2047,2047,2047,2047,0.01,0.02,0.03,0.03,0.04,0.04,0.05,0.05,0.02,6.34,6.31,6.27,6.27,6.31,6.33,6.35,6.31,6.32,6.34,6.31,6.32,6.29,6.33,7.13,6.31,-1,0,
14.2583153137624,0,-249.0,-199.0,-199.0,-199.0,-312.0,-199.0,-312.0,-199.0,50,0.0,0.0,2,9948,19813,99021,12.54,0.0,10,500.0,0.0,0.0,-64.348,-30.072,0,0,0,0,0,1,0.0,0.0,0.0,0.0,0.0,2047,2047,2047,2047,0.01,0.02,0.03,0.04,0.03,0.04,0.05,0.05,0.02,6.34,6.32,6.27,6.27,6.31,6.33,6.35,6.31,6.32,6.33,6.32,6.32,6.29,6.32,7.13,6.31,-1,0,
14.352802861058441,0,-249.0,-199.0,-199.0,-199.0,-312.0,-199.0,-312.0,-199.0,50,0.0,0.0,4,9946,19813,99022,12.54,0.0,10,500.0,0.0,0.0,-63.947,-29.737,0,0,0,0,0,1,0.0,0.0,0.0,0.0,0.0,2047,2047,2047,2047,0.01,0.02,0.03,0.03,0.04,0.05,0.05,0.05,0.02,6.34,6.32,6.27,6.27,6.31,6.33,6.35,6.31,6.32,6.34,6.32,6.32,6.29,6.33,7.13,6.31,-1,0,
14.448905769732923,0,-249.0,-199.0,-199.0,-199.0,-312.0,-199.0,-312.0,-199.0,50,0.0,0.0,4,9947,19813,99022,12.54,0.0,10,500.0,0.0,0.0,-64.014,-29.737,0,0,0,0,0,1,0.0,0.0,0.0,0.0,0.0,2047,2047,2047,2047,0.01,0.02,0.03,0.04,0.03,0.04,0.05,0.05,0.02,6.34,6.32,6.27,6.27,6.31,6.33,6.35,6.31,6.32,6.34,6.31,6.32,6.29,6.33,7.13,6.31,-1,0,
14.546183292743077,0,-249.0,-199.0,-199.0,-199.0,-312.0,-199.0,-312.0,-199.0,50,0.0,0.0,3,9948,19813,99022,12.54,0.0,10,500.0,0.0,0.0,-64.014,-29.67,0,0,0,0,0,1,0.0,0.0,0.0,0.0,0.0,2047,2047,2047,2047,0.01,0.02,0.03,0.03,0.04,0.04,0.05,0.05,0.02,6.34,6.32,6.27,6.27,6.31,6.33,6.35,6.3,6.32,6.34,6.31,6.32,6.29,6.33,7.13,6.31,-1,0,
14.65782157467441,0,-249.0,-199.0,-199.0,-199.0,-312.0,-199.0,-312.0,-199.0,50,0.0,0.0,4,9948,19813,99022,12.54,0.0,10,500.0,0.0,0.0,-63.91,-29.652,0,0,0,0,0,1,0.0,0.0,0.0,0.0,0.0,2047,2047,2047,2047,0.01,0.02,0.03,0.03,0.04,0.04,0.05,0.05,0.02,6.34,6.32,6.27,6.27,6.31,6.33,6.35,6.31,6.32,6.34,6.31,6.32,6.29,6.33,7.13,6.31,-1,0,
14.753647576445932,0,-249.0,-199.0,-199.0,-199.0,-312.0,-199.0,-312.0,-199.0,50,0.0,0.0,4,9946,19813,99023,12.54,0.0,10,500.0,0.0,0.0,-64.014,-29.67,0,0,0,0,0,1,0.0,0.0,0.0,0.0,0.0,2047,2047,2047,2047,0.01,0.02,0.03,0.03,0.04,0.04,0.04,0.05,0.02,6.34,6.32,6.27,6.27,6.31,6.33,6.35,6.3,6.31,6.34,6.31,6.32,6.29,6.33,7.13,6.31,-1,0,
14.849674111721908,0,-249.0,-199.0,-199.0,-199.0,-312.0,-199.0,-312.0,-199.0,50,0.0,0.0,4,9946,19813,99022,12.54,0.0,10,500.0,0.0,0.0,-64.08,-29.737,0,0,0,0,0,1,0.0,0.0,0.0,0.0,0.0,2047,2047,2047,2047,0.01,0.02,0.03,0.03,0.04,0.04,0.05,0.05,0.02,6.34,6.32,6.27,6.27,6.31,6.33,6.35,6.31,6.32,6.34,6.31,6.32,6.29,6.33,7.13,6.31,-1,0,
14.944890406306481,0,-249.0,-199.0,-199.0,-199.0,-312.0,-199.0,-312.0,-199.0,50,0.0,0.0,4,9948,19813,99021,12.54,0.0,10,500.0,0.0,0.0,-63.947,-29.737,0,0,0,0,0,1,0.0,0.0,0.0,0.0,0.0,2047,2047,2047,2047,0.01,0.02,0.03,0.03,0.04,0.04,0.05,0.05,0.02,6.34,6.32,6.27,6.27,6.31,6.33,6.35,6.31,6.31,6.34,6.31,6.32,6.29,6.33,7.13,6.31,-1,0,
15.05768324922304,0,-249.0,-199.0,-199.0,-199.0,-312.0,-199.0,-312.0,-199.0,50,0.0,0.0,2,9946,19813,99022,12.536,0.0,10,500.0,0.0,0.0,-64.014,-29.67,0,0,0,0,0,1,0.0,0.0,0.0,0.0,0.0,2047,2047,2047,2047,0.01,0.02,0.03,0.03,0.04,0.04,0.05,0.05,0.02,6.34,6.32,6.27,6.27,6.31,6.33,6.35,6.31,6.31,6.34,6.31,6.32,6.29,6.33,7.13,6.31,-1,0,
15.15296653053144,0,-249.0,-199.0,-199.0,-199.0,-312.0,-199.0,-312.0,-199.0,50,0.0,0.0,4,9948,19813,99021,12.54,0.0,10,500.0,0.0,0.0,-64.014,-29.737,0,0,0,0,0,1,0.0,0.0,0.0,0.0,0.0,2047,2047,2047,2047,0.01,0.02,0.02,0.03,0.04,0.04,0.05,0.05,0.02,6.34,6.32,6.27,6.27,6.31,6.33,6.35,6.31,6.32,6.34,6.31,6.31,6.29,6.33,7.13,6.31,-1,0,
15.249332692763899,0,-249.0,-199.0,-199.0,-199.0,-312.0,-199.0,-312.0,-199.0,50,0.0,0.0,2,9948,19814,99022,12.54,0.0,10,500.0,0.0,0.0,-64.014,-29.737,0,0,0,0,0,1,0.0,0.0,0.0,0.0,0.0,2047,2047,2047,2047,0.01,0.02,0.03,0.03,0.04,0.04,0.05,0.05,0.02,6.34,6.32,6.27,6.27,6.31,6.33,6.35,6.31,6.32,6.34,6.31,6.31,6.29,6.33,7.13,6.31,-1,0,
15.34620829543108,0,-249.0,-199.0,-199.0,-199.0,-312.0,-199.0,-312.0,-199.0,50,0.0,0.0,4,9946,19812,99022,12.54,0.0,10,500.0,0.0,0.0,-64.147,-29.737,-32055,-14859,-29,-267,0,2,0.0,0.0,0.0,0.0,0.0,2047,2047,2047,2047,0.01,0.02,0.03,0.03,0.04,0.04,0.05,0.05,0.02,6.34,6.32,6.27,6.27,6.31,6.33,6.35,6.31,6.32,6.34,6.31,6.32,6.29,6.33,7.13,6.31,-1,0,
15.45680678980846,0,-249.0,-199.0,-199.0,-199.0,-312.0,-199.0,-312.0,-199.0,50,0.0,0.0,4,9947,19813,99022,12.54,0.0,10,500.0,0.0,0.0,-64.08,-29.737,-32073,-14868,-29,-500,0,2,0.0,0.0,0.0,0.0,0.0,2047,2047,2047,2047,0.01,0.02,0.03,0.03,0.03,0.04,0.05,0.05,0.02,6.34,6.32,6.27,6.27,6.31,6.33,6.35,6.3,6.32,6.34,6.31,6.32,6.29,6.33,7.13,6.31,-1,0,
15.552777431703408,0,-249.0,-199.0,-199.0,-199.0,-312.0,-199.0,-312.0,-199.0,50,0.0,0.0,4,9947,19814,99021,12.54,0.0,10,500.0,0.0,0.0,-64.147,-29.737,-32073,-14868,-29,-500,0,2,0.0,0.0,0.0,0.0,0.0,2047,2047,2047,2047,0.01,0.02,0.03,0.03,0.04,0.04,0.05,0.05,0.02,6.34,6.32,6.27,6.27,6.31,6.33,6.35,6.31,6.32,6.34,6.32,6.31,6.29,6.33,7.13,6.31,-1,0,
15.648768126948802,0,-249.0,-199.0,-199.0,-199.0,-312.0,-199.0,-312.0,-199.0,50,0.0,0.0,4,9946,19813,99023,12.536,0.0,10,500.0,0.0,0.0,-64.147,-29.737,-32073,-14868,-29,-500,0,2,0.0,0.0,0.0,0.0,0.0,2047,2047,2047,2047,0.01,0.02,0.02,0.03,0.04,0.04,0.05,0.05,0.02,6.34,6.32,6.27,6.27,6.31,6.33,6.35,6.3,6.32,6.34,6.31,6.32,6.29,6.33,7.13,6.31,-1,0,
15.74613909003869,0,-249.0,-199.0,-199.0,-199.0,-312.0,-199.0,-312.0,-199.0,50,0.0,0.0,4,9946,19813,99022,12.54,0.0,10,500.0,0.0,0.0,-64.111,-29.719,-32073,-14868,-29,-500,0,2,0.0,0.0,0.0,0.0,0.0,2047,2047,2047,2047,0.01,0.02,0.03,0.04,0.04,0.04,0.05,0.05,0.02,6.34,6.32,6.27,6.27,6.31,6.33,6.35,6.31,6.32,6.34,6.31,6.32,6.29,6.32,7.13,6.31,-1,0,
15.857014064652002,0,-249.0,-199.0,-199.0,-199.0,-312.0,-199.0,-312.0,-199.0,50,0.0,0.0,4,9947,19813,99021,12.536,0.0,10,500.0,0.0,0.0,-64.147,-29.804,-32073,-14868,-29,-500,0,2,0.0,0.0,0.0,0.0,0.0,2047,2047,2047,2047,0.01,0.02,0.03,0.04,0.04,0.04,0.05,0.05,0.02,6.34,6.32,6.27,6.27,6.31,6.33,6.35,6.31,6.31,6.34,6.32,6.32,6.29,6.33,7.13,6.31,-1,0,
15.952818733071986,0,-249.0,-199.0,-199.0,-199.0,-312.0,-199.0,-312.0,-199.0,50,0.0,0.0,4,10261,19813,99022,12.54,0.0,10,500.0,0.0,0.0,-64.08,-29.804,-32040,-14902,-29,-500,-133,2,0.0,0.0,0.0,0.0,0.0,2047,2047,2047,2047,0.01,0.02,0.02,0.03,0.04,0.04,0.05,0.05,0.02,6.33,6.32,6.27,6.27,6.31,6.33,6.35,6.3,6.31,6.34,6.31,6.32,6.29,6.33,7.13,6.31,-1,0,
16.0488499616853,0,-249.0,-199.0,-199.0,-199.0,-312.0,-199.0,-312.0,-199.0,50,0.0,0.0,4,9945,19812,99022,12.54,0.0,10,500.0,0.0,0.0,-64.111,-29.719,-32055,-14859,-29,-500,0,2,0.0,0.0,0.0,0.0,0.0,2047,2047,2047,2047,0.01,0.02,0.03,0.03,0.03,0.04,0.05,0.05,0.02,6.34,6.32,6.27,6.27,6.31,6.33,6.35,6.31,6.32,6.34,6.31,6.32,6.29,6.33,7.13,6.31,-1,0,
16.145122257170993,0,-249.0,-199.0,-199.0,-199.0,-312.0,-199.0,-312.0,-199.0,50,0.0,0.0,3,9948,19813,99021,12.54,0.0,10,500.0,0.0,0.0,-64.08,-29.737,-32040,-14868,-29,-500,0,2,0.0,0.0,0.0,0.0,0.0,2047,2047,2047,2047,0.01,0.02,0.03,0.03,0.04,0.04,0.05,0.05,0.02,6.34,6.31,6.27,6.27,6.31,6.33,6.35,6.3,6.32,6.34,6.31,6.32,6.29,6.32,7.13,6.31,-1,0,
16.256784432456048,0,-249.0,-199.0,-199.0,-199.0,-312.0,-199.0,-312.0,-199.0,50,0.0,0.0,4,9948,19814,99023,12.54,0.0,10,500.0,0.0,0.0,-64.111,-29.786,-32055,-14893,-29,-500,-66,2,0.0,0.0,0.0,0.0,0.0,2047,2047,2047,2047,0.01,0.02,0.03,0.04,0.03,0.04,0.05,0.05,0.02,6.34,6.32,6.27,6.26,6.31,6.33,6.35,6.3,6.32,6.34,6.31,6.32,6.29,6.33,7.13,6.31,-1,0,
16.35270046097106,0,-249.0,-199.0,-199.0,-199.0,-312.0,-199.0,-312.0,-199.0,50,0.0,0.0,4,9947,19812,99021,12.54,0.0,10,500.0,0.0,0.0,-64.147,-29.804,-32073,-14902,-29,-500,0,2,0.0,0.0,0.0,0.0,0.0,2047,2047,2047,2047,0.01,0.02,0.02,0.03,0.04,0.03,0.05,0.05,0.02,6.34,6.31,6.27,6.27,6.31,6.33,6.35,6.3,6.32,6.34,6.32,6.31,6.29,6.33,7.13,6.31,-1,0,
16.448686889546146,0,-249.0,-199.0,-199.0,-199.0,-312.0,-199.0,-312.0,-199.0,50,0.0,0.0,3,9947,19813,99022,12.54,0.0,10,500.0,0.0,0.0,-64.08,-29.737,-32073,-14868,-29,-500,0,2,0.0,0.0,0.0,0.0,0.0,2047,2047,2047,2047,0.01,0.02,0.03,0.03,0.03,0.04,0.05,0.05,0.02,6.34,6.32,6.27,6.27,6.31,6.33,6.35,6.31,6.32,6.34,6.31,6.32,6.29,6.33,7.13,6.31,-1,0,
16.559536264137613,0,-249.0,-199.0,-199.0,-199.0,-312.0,-199.0,-312.0,-199.0,50,0.0,0.0,4,9946,19813,99022,12.54,0.0,10,500.0,0.0,0.0,-64.08,-29.737,-32040,-14902,-29,-500,0,2,0.0,0.0,0.0,0.0,0.0,2047,2047,2047,2047,0.01,0.02,0.03,0.03,0.03,0.04,0.05,0.05,0.02,6.34,6.32,6.27,6.27,6.31,6.33,6.35,6.3,6.31,6.34,6.32,6.32,6.29,6.33,7.14,6.31,-1,0,
16.657547227773634,0,-249.0,-199.0,-199.0,-199.0,-312.0,-199.0,-312.0,-199.0,50,0.0,0.0,4,9946,19812,99023,12.54,0.0,10,500.0,0.0,0.0,-64.147,-29.737,-32073,-14868,-29,-500,0,2,0.0,0.0,0.0,0.0,0.0,2047,2047,2047,2047,0.01,0.02,0.03,0.03,0.04,0.04,0.05,0.05,0.02,6.34,6.32,6.27,6.27,6.31,6.33,6.35,6.31,6.32,6.34,6.31,6.32,6.29,6.33,7.13,6.31,-1,0,
16.752852695767633,0,-249.0,-199.0,-199.0,-199.0,-312.0,-199.0,-312.0,-199.0,50,0.0,0.0,4,9947,19812,99020,12.54,0.0,10,500.0,0.0,0.0,-64.111,-29.719,-32073,-14868,-29,-500,0,2,0.0,0.0,0.0,0.0,0.0,2047,2047,2047,2047,0.02,0.02,0.03,0.03,0.04,0.04,0.05,0.05,0.02,6.34,6.32,6.27,6.27,6.31,6.33,6.35,6.31,6.32,6.34,6.32,6.31,6.29,6.33,7.13,6.31,-1,0,
16.848886911050165,0,-249.0,-199.0,-199.0,-199.0,-312.0,-199.0,-312.0,-199.0,50,0.0,0.0,2,9948,19813,99023,12.54,0.0,10,500.0,0.0,0.0,-64.111,-29.719,-32073,-14868,-29,-500,0,2,0.0,0.0,0.0,0.0,0.0,2047,2047,2047,2047,0.01,0.02,0.03,0.03,0.03,0.04,0.05,0.06,0.02,6.34,6.32,6.27,6.27,6.31,6.33,6.35,6.3,6.32,6.34,6.31,6.31,6.29,6.33,7.13,6.31,-1,0,
16.96068519311803,0,-249.0,-199.0,-199.0,-199.0,-312.0,-199.0,-312.0,-199.0,50,0.0,0.0,4,9947,19814,99020,12.54,0.0,10,500.0,0.0,0.0,-64.147,-29.737,-32073,-14902,-29,-500,0,2,0.0,0.0,0.0,0.0,0.0,2047,2047,2047,2047,0.01,0.02,0.03,0.03,0.04,0.04,0.05,0.05,0.02,6.34,6.32,6.27,6.27,6.31,6.33,6.35,6.31,6.32,6.33,6.31,6.31,6.29,6.33,7.13,6.31,-1,0,
17.056869168528358,0,-249.0,-199.0,-199.0,-199.0,-312.0,-199.0,-312.0,-199.0,50,0.0,0.0,4,9946,19814,99023,12.54,0.0,10,500.0,0.0,0.0,-64.147,-29.737,-32040,-14902,-29,-500,0,2,0.0,0.0,0.0,0.0,0.0,2047,2047,2047,2047,0.01,0.02,0.03,0.03,0.04,0.04,0.05,0.05,0.02,6.34,6.32,6.27,6.27,6.32,6.33,6.35,6.31,6.32,6.34,6.31,6.31,6.29,6.33,7.13,6.31,-1,0,
17.15340642424015,32768,-249.0,-199.0,-199.0,-199.0,-312.0,-199.0,-312.0,-199.0,50,0.0,0.0,4,9947,19814,99021,12.526,0.0,10,500.0,0.0,0.0,-64.07,-29.73,-32001,-14865,-29,-500,0,3,0.0,0.0,0.0,0.0,0.0,2047,2047,2047,2047,0.01,0.02,0.03,0.04,0.04,0.05,0.05,0.06,0.02,6.34,6.31,6.26,6.26,6.31,6.33,6.35,6.31,6.31,6.33,6.31,6.32,6.29,6.33,7.14,12.49,-1,1,
17.248646612178444,32768,-249.0,-199.0,-199.0,-199.0,-312.0,-199.0,-312.0,-199.0,50,0.0,0.0,4,9947,19814,99021,12.526,0.0,10,500.0,0.0,0.0,-64.003,-29.73,-32035,-14865,-29,-500,0,3,0.0,0.0,0.0,0.0,0.0,2047,2047,2047,2047,0.01,0.02,0.03,0.04,0.04,0.05,0.05,0.06,0.02,6.34,6.31,6.26,6.26,6.31,6.33,6.35,6.31,6.31,6.34,6.31,6.31,6.29,6.33,7.13,12.49,-1,1,
17.36168137530144,32768,-249.0,-199.0,-199.0,-199.0,-312.0,-199.0,-312.0,-199.0,50,0.0,0.0,4,9948,19814,99023,12.526,0.0,10,500.0,0.0,0.0,-64.003,-29.73,-31949,-14822,-29,-500,0,3,0.0,0.0,0.0,0.0,0.0,2047,2047,2047,2047,0.01,0.02,0.03,0.04,0.04,0.05,0.05,0.06,0.02,6.33,6.31,6.27,6.26,6.31,6.33,6.35,6.31,6.31,6.33,6.31,6.32,6.29,6.33,7.14,12.49,-1,1,
17.456672816360804,32768,-249.0,-199.0,-199.0,-199.0,-312.0,-199.0,-312.0,-199.0,50,0.0,0.0,4,9945,19813,99021,12.526,0.0,10,500.0,0.0,0.0,-64.003,-29.663,-32035,-14865,-29,-500,0,3,0.0,0.0,0.0,0.0,0.0,2047,2047,2047,2047,0.01,0.02,0.03,0.04,0.04,0.05,0.05,0.06,0.03,6.34,6.31,6.26,6.26,6.31,6.33,6.35,6.31,6.31,6.34,6.31,6.31,6.29,6.33,7.14,12.49,-1,1,
17.552819245072424,32768,-249.0,-199.0,-199.0,-199.0,-312.0,-199.0,-312.0,-199.0,50,0.0,0.0,4,9948,19813,99022,12.526,0.0,10,500.0,0.0,0.0,-64.003,-29.73,-32001,-14865,-29,-500,0,3,0.0,0.0,0.0,0.0,0.0,2047,2047,2047,2047,0.01,0.02,0.03,0.04,0.04,0.05,0.05,0.06,0.02,6.33,6.31,6.26,6.26,6.31,6.33,6.35,6.31,6.31,6.34,6.31,6.32,6.29,6.33,7.14,12.49,-1,1,
17.650137728117528,0,-249.0,-199.0,-199.0,-199.0,-312.0,-199.0,-312.0,-199.0,50,0.0,0.0,2,9946,19813,99022,12.54,0.0,10,500.0,0.0,0.0,-64.044,-29.719,-32040,-14868,-29,-500,0,5,0.0,0.0,0.0,0.0,0.0,2047,2047,2047,2047,0.01,0.02,0.03,0.03,0.04,0.04,0.05,0.06,0.02,6.34,6.32,6.27,6.27,6.31,6.33,6.35,6.3,6.32,6.34,6.31,6.32,6.29,6.33,7.13,6.31,-1,1,
17.761575049877376,0,-249.0,-199.0,-199.0,-199.0,-312.0,-199.0,-312.0,-199.0,50,0.0,0.0,5,9945,19812,99020,12.54,0.0,10,500.0,0.0,0.0,-64.08,-29.737,-32073,-14868,-29,-500,0,5,0.0,0.0,0.0,0.0,0.0,2047,2047,2047,2047,0.01,0.02,0.03,0.03,0.04,0.04,0.05,0.05,0.02,6.34,6.32,6.27,6.27,6.32,6.33,6.35,6.31,6.32,6.34,6.31,6.32,6.29,6.33,7.13,6.31,-1,1,
17.857251291521102,0,-249.0,-199.0,-199.0,-199.0,-312.0,-199.0,-312.0,-199.0,50,0.0,0.0,4,9948,19812,99023,12.54,0.0,10,500.0,0.0,0.0,-64.08,-29.737,-32073,-14868,-29,-500,0,5,0.0,0.0,0.0,0.0,0.0,2047,2047,2047,2047,0.01,0.02,0.03,0.03,0.04,0.04,0.05,0.05,0.02,6.34,6.31,6.27,6.27,6.31,6.33,6.35,6.3,6.32,6.34,6.32,6.32,6.29,6.33,7.13,6.31,-1,1,
17.95267835961887,0,-249.0,-199.0,-199.0,-199.0,-312.0,-199.0,-312.0,-199.0,50,0.0,0.0,4,9946,19814,99022,12.54,0.0,10,500.0,0.0,0.0,-64.147,-29.737,-32073,-14868,-29,-500,0,5,0.0,0.0,0.0,0.0,0.0,2047,2047,2047,2047,0.02,0.02,0.03,0.03,0.04,0.04,0.05,0.05,0.02,6.34,6.32,6.27,6.27,6.31,6.33,6.35,6.31,6.32,6.34,6.31,6.32,6.29,6.33,7.13,6.31,-1,1,
18.049581695643045,0,-249.0,-199.0,-199.0,-199.0,-312.0,-199.0,-312.0,-199.0,50,0.0,0.0,5,9947,19813,99021,12.54,0.0,10,500.0,0.0,0.0,-64.111,-29.786,-32055,-14859,-29,-500,0,5,0.0,0.0,0.0,0.0,0.0,2047,2047,2047,2047,0.01,0.02,0.03,0.03,0.03,0.04,0.05,0.05,0.02,6.34,6.31,6.27,6.27,6.31,6.33,6.35,6.31,6.32,6.34,6.31,6.31,6.29,6.33,7.13,6.31,-1,1,
18.160973790697636,0,-249.0,-199.0,-199.0,-199.0,-312.0,-199.0,-312.0,-199.0,50,0.0,0.0,4,9946,19813,99023,12.54,0.0,10,500.0,0.0,0.0,-64.08,-29.737,-32073,-14868,-29,-500,0,5,0.0,0.0,0.0,0.0,0.0,2047,2047,2047,2047,0.01,0.02,0.03,0.03,0.04,0.04,0.04,0.05,0.01,6.34,6.31,6.27,6.27,6.31,6.33,6.35,6.3,6.31,6.34,6.31,6.31,6.29,6.33,7.13,6.31,-1,1,
18.256718299066282,0,-249.0,-199.0,-199.0,-199.0,-312.0,-199.0,-312.0,-199.0,50,0.0,0.0,4,9947,19813,99021,12.54,0.0,10,500.0,0.0,0.0,-64.147,-29.737,-32073,-14868,-29,-500,0,5,0.0,0.0,0.0,0.0,0.0,2047,2047,2047,2047,0.01,0.02,0.03,0.03,0.03,0.04,0.05,0.05,0.02,6.34,6.32,6.27,6.27,6.31,6.33,6.35,6.3,6.31,6.33,6.31,6.32,6.29,6.33,7.13,6.31,-1,1,
18.352644140923,0,-249.0,-199.0,-199.0,-199.0,-312.0,-199.0,-312.0,-199.0,50,0.0,0.0,4,9948,19812,99023,12.54,0.0,10,500.0,0.0,0.0,-64.08,-29.737,-32073,-14868,-29,-500,0,5,0.0,0.0,0.0,0.0,0.0,2047,2047,2047,2047,0.01,0.02,0.03,0.04,0.04,0.04,0.05,0.05,0.02,6.34,6.32,6.27,6.27,6.31,6.33,6.35,6.31,6.32,6.34,6.31,6.31,6.29,6.33,7.13,6.31,-1,1,
18.44865659618696,0,-249.0,-199.0,-199.0,-199.0,-312.0,-199.0,-312.0,-199.0,50,0.0,0.0,4,10206,19813,99022,12.54,0.0,10,500.0,0.0,0.0,-64.08,-29.737,-32040,-14868,-29,-500,0,5,0.0,0.0,0.0,0.0,0.0,2047,2047,2047,2047,0.01,0.02,0.03,0.03,0.04,0.04,0.05,0.05,0.02,6.34,6.32,6.27,6.27,6.31,6.33,6.35,6.31,6.32,6.34,6.32,6.32,6.29,6.32,7.13,6.31,-1,1,
18.56152239916578,0,-249.0,-199.0,-199.0,-199.0,-312.0,-199.0,-312.0,-199.0,50,0.0,0.0,4,9948,19812,99021,12.54,0.0,10,500.0,0.0,0.0,-64.147,-29.737,-32073,-14868,-29,-500,0,5,0.0,0.0,0.0,0.0,0.0,2047,2047,2047,2047,0.01,0.02,0.02,0.04,0.03,0.04,0.05,0.05,0.02,6.34,6.32,6.27,6.27,6.31,6.33,6.35,6.3,6.32,6.34,6.31,6.32,6.29,6.33,7.13,6.31,-1,1,
18.657829681347994,0,-249.0,-199.0,-199.0,-199.0,-312.0,-199.0,-312.0,-199.0,50,0.0,0.0,4,9947,19813,99022,12.54,0.0,10,500.0,0.0,0.0,-64.147,-29.737,-32073,-14868,-29,-500,0,5,0.0,0.0,0.0,0.0,0.0,2047,2047,2047,2047,0.01,0.02,0.02,0.03,0.04,0.04,0.05,0.05,0.02,6.34,6.31,6.27,6.27,6.31,6.33,6.35,6.3,6.31,6.34,6.31,6.32,6.29,6.33,7.13,6.31,-1,1,
18.753972696723366,0,-249.0,-199.0,-199.0,-199.0,-312.0,-199.0,-312.0,-199.0,50,0.0,0.0,4,9948,19812,99022,12.54,0.0,10,500.0,0.0,0.0,-64.08,-29.737,-32073,-14835,-29,-500,0,5,0.0,0.0,0.0,0.0,0.0,2047,2047,2047,2047,0.01,0.02,0.03,0.03,0.03,0.04,0.04,0.05,0.02,6.34,6.31,6.27,6.27,6.31,6.33,6.35,6.31,6.32,6.34,6.31,6.32,6.29,6.33,7.13,6.31,-1,1,
18.848574590783652,0,-249.0,-199.0,-199.0,-199.0,-312.0,-199.0,-312.0,-199.0,50,0.0,0.0,4,9948,19814,99022,12.54,0.0,10,500.0,0.0,0.0,-64.147,-29.737,-32040,-14868,-29,-500,0,5,0.0,0.0,0.0,0.0,0.0,2047,2047,2047,2047,0.02,0.02,0.03,0.03,0.04,0.04,0.05,0.05,0.02,6.34,6.32,6.27,6.27,6.31,6.33,6.35,6.3,6.32,6.34,6.31,6.32,6.29,6.33,7.13,6.31,-1,1,
18.9611869535462,0,-249.0,-199.0,-199.0,-199.0,-312.0,-199.0,-312.0,-199.0,50,0.0,0.0,3,9946,19812,99022,12.54,0.0,10,500.0,0.0,0.0,-64.08,-29.737,-32073,-14868,-29,-500,0,5,0.0,0.0,0.0,0.0,0.0,2047,2047,2047,2047,0.01,0.02,0.03,0.04,0.03,0.04,0.05,0.05,0.02,6.34,6.32,6.27,6.27,6.31,6.33,6.35,6.3,6.32,6.34,6.31,6.32,6.29,6.33,7.13,6.31,-1,1,
19.057651675862765,0,-249.0,-199.0,-199.0,-199.0,-312.0,-199.0,-312.0,-199.0,50,0.0,0.0,4,9946,19813,99021,12.54,0.0,10,500.0,0.0,0.0,-64.08,-29.737,-32022,-14859,-29,-500,0,5,0.0,0.0,0.0,0.0,0.0,2047,2047,2047,2047,0.01,0.02,0.03,0.03,0.04,0.04,0.05,0.05,0.02,6.34,6.32,6.27,6.27,6.31,6.33,6.35,6.3,6.32,6.34,6.31,6.32,6.29,6.33,7.13,6.31,-1,1,
19.152545410172085,0,-249.0,-199.0,-199.0,-199.0,-312.0,-199.0,-312.0,-199.0,50,0.0,0.0,4,9947,19812,99023,12.54,0.0,10,500.0,0.0,0.0,-64.111,-29.719,-32073,-14868,-29,-500,0,5,0.0,0.0,0.0,0.0,0.0,2047,2047,2047,2047,0.01,0.02,0.02,0.03,0.04,0.04,0.05,0.05,0.01,6.34,6.32,6.27,6.27,6.31,6.33,6.35,6.31,6.31,6.34,6.31,6.31,6.29,6.33,7.13,6.31,-1,1,
19.249806293168035,0,-249.0,-199.0,-199.0,-199.0,-312.0,-199.0,-312.0,-199.0,50,0.0,0.0,4,9948,19813,99022,12.54,0.0,10,500.0,0.0,0.0,-64.08,-29.804,-32073,-14868,-29,-500,0,5,0.0,0.0,0.0,0.0,0.0,2047,2047,2047,2047,0.01,0.02,0.03,0.03,0.04,0.04,0.05,0.05,0.02,6.34,6.32,6.27,6.27,6.31,6.33,6.35,6.31,6.32,6.33,6.32,6.31,6.29,6.33,7.13,6.31,-1,1,
19.36071028113944,0,-249.0,-199.0,-199.0,-199.0,-312.0,-199.0,-312.0,-199.0,50,0.0,0.0,4,9945,19813,99021,12.54,0.0,10,500.0,0.0,0.0,-64.111,-29.786,-32073,-14868,-29,-500,0,5,0.0,0.0,0.0,0.0,0.0,2047,2047,2047,2047,0.01,0.02,0.03,0.03,0.04,0.04,0.05,0.05,0.02,6.34,6.31,6.27,6.27,6.31,6.33,6.35,6.31,6.31,6.34,6.31,6.32,6.29,6.32,7.13,6.31,-1,1,
19.456713776395755,0,-249.0,-199.0,-199.0,-199.0,-312.0,-199.0,-312.0,-199.0,50,0.0,0.0,4,9947,19812,99023,12.54,0.0,10,500.0,0.0,0.0,-64.147,-29.804,-32073,-14868,-29,-500,0,5,0.0,0.0,0.0,0.0,0.0,2047,2047,2047,2047,0.01,0.02,0.03,0.03,0.04,0.04,0.05,0.05,0.02,6.34,6.32,6.27,6.27,6.31,6.33,6.35,6.31,6.32,6.34,6.32,6.31,6.29,6.33,7.13,6.31,-1,1,
19.553577432386074,0,-249.0,-199.0,-199.0,-199.0,-312.0,-199.0,-312.0,-199.0,50,0.0,0.0,4,9948,19814,99022,12.54,0.0,10,500.0,0.0,0.0,-64.044,-29.719,-32055,-14859,-29,-500,0,5,0.0,0.0,0.0,0.0,0.0,2047,2047,2047,2047,0.01,0.02,0.03,0.03,0.04,0.04,0.05,0.05,0.02,6.34,6.32,6.27,6.27,6.31,6.33,6.35,6.31,6.32,6.34,6.31,6.32,6.29,6.33,7.13,6.31,-1,1,
19.662960779059866,0,-249.0,-199.0,-199.0,-199.0,-312.0,-199.0,-312.0,-199.0,50,0.0,0.0,3,9946,19812,99021,12.54,0.0,10,500.0,0.0,0.0,-64.147,-29.737,-32073,-14868,-29,-500,0,5,0.0,0.0,0.0,0.0,0.0,2047,2047,2047,2047,0.01,0.02,0.02,0.03,0.03,0.04,0.05,0.05,0.02,6.34,6.32,6.27,6.27,6.31,6.33,6.35,6.3,6.32,6.34,6.32,6.32,6.29,6.33,7.13,6.31,-1,1,
19.761940276855704,0,-249.0,-199.0,-199.0,-199.0,-312.0,-199.0,-312.0,-199.0,50,0.0,0.0,4,9948,19813,99021,12.54,0.0,10,500.0,0.0,0.0,-64.08,-29.737,-32073,-14868,-29,-500,0,5,0.0,0.0,0.0,0.0,0.0,2047,2047,2047,2047,0.01,0.02,0.03,0.03,0.03,0.04,0.05,0.05,0.02,6.34,6.32,6.27,6.27,6.31,6.33,6.35,6.31,6.32,6.34,6.31,6.32,6.29,6.33,7.13,6.31,-1,1,
19.856574597610322,0,-249.0,-199.0,-199.0,-199.0,-312.0,-199.0,-312.0,-199.0,50,0.0,0.0,4,9947,19813,99023,12.54,0.0,10,500.0,0.0,0.0,-64.147,-29.737,-32073,-14868,-29,-500,0,5,0.0,0.0,0.0,0.0,0.0,2047,2047,2047,2047,0.01,0.02,0.03,0.03,0.04,0.04,0.05,0.06,0.02,6.34,6.31,6.27,6.27,6.31,6.33,6.35,6.3,6.32,6.34,6.31,6.32,6.29,6.33,7.13,6.31,-1,1,
19.952530306159193,0,-249.0,-199.0,-199.0,-199.0,-312.0,-199.0,-312.0,-199.0,50,0.0,0.0,3,9948,19813,99022,12.54,0.0,10,500.0,0.0,0.0,-64.08,-29.737,-32073,-14868,-29,-500,0,5,0.0,0.0,0.0,0.0,0.0,2047,2047,2047,2047,0.01,0.02,0.03,0.03,0.04,0.04,0.05,0.05,0.02,6.34,6.32,6.27,6.27,6.31,6.33,6.35,6.3,6.32,6.34,6.31,6.31,6.29,6.33,7.13,6.31,-1,1,
20.064568375098347,0,-249.0,-199.0,-199.0,-199.0,-312.0,-199.0,-312.0,-199.0,50,0.0,0.0,4,9947,19812,99021,12.54,0.0,10,500.0,0.0,0.0,-64.008,-29.7,-32022,-14859,-29,-500,0,5,0.0,0.0,0.0,0.0,0.0,2047,2047,2047,2047,0.01,0.02,0.03,0.03,0.03,0.04,0.05,0.05,0.02,6.34,6.32,6.27,6.27,6.31,6.33,6.35,6.3,6.32,6.33,6.31,6.32,6.29,6.33,7.13,6.31,-1,1,
20.16054712366688,0,-249.0,-199.0,-199.0,-199.0,-312.0,-199.0,-312.0,-199.0,50,0.0,0.0,4,9948,19813,99022,12.54,0.0,10,500.0,0.0,0.0,-64.147,-29.737,-32055,-14859,-29,-500,0,5,0.0,0.0,0.0,0.0,0.0,2047,2047,2047,2047,0.01,0.02,0.03,0.03,0.03,0.04,0.05,0.05,0.02,6.34,6.32,6.27,6.27,6.31,6.33,6.35,6.3,6.32,6.34,6.31,6.31,6.29,6.33,7.13,6.31,-1,1,
20.25650283221575,0,-249.0,-199.0,-199.0,-199.0,-312.0,-199.0,-312.0,-199.0,50,0.0,0.0,3,9947,19813,99023,12.54,0.0,10,500.0,0.0,0.0,-64.147,-29.737,-32055,-14859,-29,-500,0,5,0.0,0.0,0.0,0.0,0.0,2047,2047,2047,2047,0.01,0.02,0.03,0.03,0.04,0.04,0.05,0.05,0.02,6.34,6.32,6.27,6.27,6.31,6.33,6.35,6.31,6.32,6.34,6.31,6.31,6.29,6.33,7.13,6.31,-1,1,
20.353587501728,0,-249.0,-199.0,-199.0,-199.0,-312.0,-199.0,-312.0,-199.0,50,0.0,0.0,4,9946,19814,99061,12.54,0.0,10,500.0,0.0,0.0,-64.147,-29.737,-32073,-14868,-29,-500,0,5,0.0,0.0,0.0,0.0,0.0,2047,2047,2047,2047,0.01,0.02,0.03,0.03,0.03,0.04,0.05,0.05,0.02,6.34,6.31,6.27,6.27,6.31,6.33,6.35,6.31,6.32,6.34,6.31,6.31,6.29,6.33,7.13,6.31,-1,1,
20.464853303341485,0,-249.0,-199.0,-199.0,-199.0,-312.0,-199.0,-312.0,-199.0,50,0.0,0.0,2,9947,19813,99061,12.54,0.0,10,500.0,0.0,0.0,-64.08,-29.804,-32073,-14868,-29,-500,0,5,0.0,0.0,0.0,0.0,0.0,2047,2047,2047,2047,0.01,0.02,0.03,0.03,0.03,0.04,0.05,0.05,0.02,6.34,6.32,6.27,6.27,6.31,6.33,6.35,6.31,6.32,6.34,6.32,6.32,6.29,6.33,7.13,6.31,-1,1,
20.561219465573945,0,-249.0,-199.0,-199.0,-199.0,-312.0,-199.0,-312.0,-199.0,50,0.0,0.0,4,9948,19814,99062,12.54,0.0,10,500.0,0.0,0.0,-64.147,-29.737,-32073,-14868,-29,-500,0,5,0.0,0.0,0.0,0.0,0.0,2047,2047,2047,2047,0.01,0.02,0.03,0.03,0.03,0.04,0.05,0.05,0.02,6.34,6.32,6.27,6.27,6.31,6.33,6.35,6.3,6.32,6.33,6.31,6.31,6.29,6.33,7.13,6.31,-1,1,
20.65648994687142,0,-249.0,-199.0,-199.0,-199.0,-312.0,-199.0,-312.0,-199.0,50,0.0,0.0,4,9947,19815,99062,12.536,0.0,10,500.0,0.0,0.0,-64.147,-29.67,-32007,-14868,-29,-500,0,5,0.0,0.0,0.0,0.0,0.0,2047,2047,2047,2047,0.01,0.02,0.03,0.03,0.03,0.04,0.05,0.05,0.02,6.34,6.32,6.27,6.27,6.32,6.33,6.35,6.3,6.32,6.33,6.31,6.31,6.29,6.33,7.13,6.31,-1,1,
20.75387669664145,0,-249.0,-199.0,-199.0,-199.0,-312.0,-199.0,-312.0,-199.0,50,0.0,0.0,4,9946,19814,99062,12.54,0.0,10,500.0,0.0,0.0,-64.147,-29.737,-32004,-14850,-29,-500,0,5,0.0,0.0,0.0,0.0,0.0,2047,2047,2047,2047,0.01,0.02,0.03,0.03,0.03,0.04,0.05,0.05,0.02,6.34,6.32,6.27,6.27,6.31,6.33,6.35,6.3,6.32,6.34,6.31,6.31,6.29,6.33,7.13,6.31,-1,1,
20.86447433768477,0,-249.0,-199.0,-199.0,-199.0,-312.0,-199.0,-312.0,-199.0,50,0.0,0.0,3,9946,19814,99061,12.54,0.0,10,500.0,0.0,0.0,-64.111,-29.786,-32073,-14868,-29,-500,0,5,0.0,0.0,0.0,0.0,0.0,2047,2047,2047,2047,0.01,0.02,0.03,0.03,0.04,0.04,0.05,0.05,0.02,6.34,6.32,6.27,6.27,6.31,6.33,6.35,6.31,6.32,6.34,6.32,6.32,6.29,6.33,7.13,6.31,-1,1,
20.96191655416879,0,-249.0,-199.0,-199.0,-199.0,-312.0,-199.0,-312.0,-199.0,50,0.0,0.0,5,9661,19815,99060,12.54,0.0,10,500.0,0.0,0.0,-64.08,-29.737,-32040,-14868,-29,-500,0,5,0.0,0.0,0.0,0.0,0.0,2047,2047,2047,2047,0.01,0.02,0.03,0.03,0.03,0.04,0.05,0.05,0.02,6.34,6.32,6.27,6.27,6.31,6.33,6.35,6.31,6.32,6.34,6.31,6.31,6.29,6.33,7.13,6.31,-1,1,
21.05745754236377,0,-249.0,-199.0,-199.0,-199.0,-312.0,-199.0,-312.0,-199.0,50,0.0,0.0,4,9947,19814,99063,12.54,0.0,10,500.0,0.0,0.0,-64.147,-29.804,-32091,-14878,-29,-500,0,5,0.0,0.0,0.0,0.0,0.0,2047,2047,2047,2047,0.01,0.02,0.03,0.03,0.03,0.04,0.05,0.05,0.02,6.34,6.32,6.27,6.27,6.31,6.33,6.35,6.3,6.31,6.34,6.31,6.32,6.29,6.32,7.13,6.31,-1,1,
21.153619331088496,32,-249.0,-199.0,-199.0,-199.0,-312.0,-199.0,-312.0,-199.0,50,0.0,0.0,4,9946,19814,99060,12.53,0.0,10,500.0,0.0,0.0,-64.075,-29.7,-32037,-14883,-29,-500,0,5,0.0,0.0,0.0,0.0,0.0,2047,2047,2047,2047,0.01,0.02,0.03,0.04,0.04,0.05,0.05,0.06,0.02,6.34,6.31,6.27,6.26,6.31,12.48,6.35,6.31,6.31,6.34,6.31,6.31,6.29,6.33,7.13,6.31,-1,1,
21.264539532407067,0,-249.0,-199.0,-199.0,-199.0,-312.0,-199.0,-312.0,-199.0,50,0.0,0.0,4,9945,19814,99061,12.54,0.0,10,500.0,0.0,0.0,-64.014,-29.737,-32007,-14868,-29,-500,0,7,0.0,0.0,0.0,0.0,0.0,2047,2047,2047,2047,0.01,0.02,0.03,0.03,0.04,0.04,0.05,0.05,0.02,6.34,6.32,6.27,6.27,6.31,6.33,6.35,6.31,6.32,6.34,6.32,6.32,6.29,6.33,7.13,6.31,-1,0,
21.3605848410324,0,-249.0,-199.0,-199.0,-199.0,-312.0,-199.0,-312.0,-199.0,50,0.0,0.0,2,9947,19812,98625,12.54,0.0,10,500.0,0.0,0.0,-64.147,-29.737,-32073,-14868,-29,-500,0,7,0.0,0.0,0.0,0.0,0.0,2047,2047,2047,2047,0.01,0.02,0.03,0.03,0.04,0.04,0.05,0.05,0.02,6.34,6.32,6.27,6.27,6.31,6.33,6.35,6.31,6.32,6.34,6.32,6.32,6.29,6.33,7.13,6.31,-1,0,
21.456420229478596,0,-249.0,-199.0,-199.0,-199.0,-312.0,-199.0,-312.0,-199.0,50,0.0,0.0,3,9947,19812,99020,12.54,0.0,10,500.0,0.0,0.0,-64.08,-29.737,-32040,-14868,-29,-500,0,7,0.0,0.0,0.0,0.0,0.0,2047,2047,2047,2047,0.01,0.02,0.03,0.03,0.03,0.04,0.05,0.06,0.02,6.34,6.32,6.27,6.27,6.31,6.33,6.35,6.31,6.32,6.34,6.32,6.32,6.29,6.33,7.13,6.31,-1,0,
21.552904578478575,0,-249.0,-199.0,-199.0,-199.0,-312.0,-199.0,-312.0,-199.0,50,0.0,0.0,4,9946,19813,99022,12.54,0.0,10,500.0,0.0,0.0,-64.111,-29.652,-32055,-14826,-29,-500,0,7,0.0,0.0,0.0,0.0,0.0,2047,2047,2047,2047,0.01,0.02,0.02,0.03,0.04,0.04,0.05,0.05,0.02,6.34,6.32,6.27,6.27,6.31,6.33,6.35,6.3,6.31,6.33,6.31,6.31,6.29,6.33,7.13,6.31,-1,0,
21.66478094061307,0,-249.0,-199.0,-199.0,-199.0,-312.0,-199.0,-312.0,-199.0,50,0.0,0.0,4,9947,19812,99021,12.54,0.0,10,500.0,0.0,0.0,-64.147,-29.804,-32073,-14902,-29,-500,0,7,0.0,0.0,0.0,0.0,0.0,2047,2047,2047,2047,0.01,0.02,0.02,0.03,0.04,0.04,0.05,0.05,0.02,6.34,6.32,6.27,6.27,6.31,6.33,6.35,6.3,6.32,6.34,6.31,6.32,6.29,6.33,7.13,6.31,-1,0,
21.761816970083814,0,-249.0,-199.0,-199.0,-199.0,-312.0,-199.0,-312.0,-199.0,50,0.0,0.0,4,9946,19811,99023,12.54,0.0,10,500.0,0.0,0.0,-64.08,-29.737,-32040,-14868,-29,-500,0,7,0.0,0.0,0.0,0.0,0.0,2047,2047,2047,2047,0.01,0.02,0.03,0.03,0.04,0.04,0.05,0.05,0.02,6.34,6.32,6.27,6.27,6.31,6.33,6.35,6.3,6.32,6.34,6.31,6.32,6.29,6.32,7.13,6.31,-1,0,
21.85708531804614,0,-249.0,-199.0,-199.0,-199.0,-312.0,-199.0,-312.0,-199.0,50,0.0,0.0,3,9947,19812,99021,12.54,0.0,10,500.0,0.0,0.0,-64.08,-29.737,-32040,-14868,-29,-500,0,7,0.0,0.0,0.0,0.0,0.0,2047,2047,2047,2047,0.01,0.02,0.03,0.04,0.04,0.04,0.05,0.05,0.02,6.34,6.31,6.27,6.27,6.31,6.33,6.35,6.31,6.32,6.33,6.31,6.32,6.29,6.33,7.13,6.31,-1,0,
21.952738946337234,0,-249.0,-199.0,-199.0,-199.0,-312.0,-199.0,-312.0,-199.0,50,0.0,0.0,4,9947,19812,99022,12.54,0.0,10,500.0,0.0,0.0,-64.111,-29.719,-32055,-14859,-29,-500,0,7,0.0,0.0,0.0,0.0,0.0,2047,2047,2047,2047,0.01,0.02,0.03,0.03,0.04,0.04,0.05,0.05,0.02,6.33,6.32,6.27,6.27,6.31,6.33,6.35,6.31,6.32,6.34,6.31,6.32,6.29,6.33,7.13,6.31,-1,0,
22.06450736171295,0,-249.0,-199.0,-199.0,-199.0,-312.0,-199.0,-312.0,-199.0,50,0.0,0.0,4,9946,19813,99023,12.54,0.0,10,500.0,0.0,0.0,-64.08,-29.737,-32040,-14868,-29,-500,0,7,0.0,0.0,0.0,0.0,0.0,2047,2047,2047,2047,0.01,0.02,0.03,0.03,0.04,0.04,0.05,0.05,0.02,6.34,6.32,6.27,6.27,6.31,6.33,6.35,6.31,6.32,6.34,6.31,6.32,6.29,6.33,7.13,6.31,-1,0,
22.160687923787027,0,-249.0,-199.0,-199.0,-199.0,-312.0,-199.0,-312.0,-199.0,50,0.0,0.0,4,9946,19813,99022,12.54,0.0,10,500.0,0.0,0.0,-64.147,-29.737,-32073,-14868,-29,-500,0,7,0.0,0.0,0.0,0.0,0.0,2047,2047,2047,2047,0.01,0.02,0.03,0.03,0.04,0.04,0.05,0.05,0.02,6.34,6.32,6.27,6.27,6.31,6.33,6.35,6.31,6.32,6.34,6.31,6.31,6.29,6.33,7.13,6.31,-1,0,
22.25759339314636,0,-249.0,-199.0,-199.0,-199.0,-312.0,-199.0,-312.0,-199.0,50,0.0,0.0,4,9945,19814,99021,12.54,0.0,10,500.0,0.0,0.0,-64.08,-29.737,-32040,-14868,-29,-500,0,7,0.0,0.0,0.0,0.0,0.0,2047,2047,2047,2047,0.01,0.02,0.03,0.03,0.04,0.04,0.05,0.05,0.02,6.34,6.32,6.27,6.27,6.31,6.33,6.35,6.31,6.32,6.34,6.32,6.31,6.29,6.33,7.13,6.31,-1,0,
22.35379998190932,0,-249.0,-199.0,-199.0,-199.0,-312.0,-199.0,-312.0,-199.0,50,0.0,0.0,4,9948,19813,99021,12.54,0.0,10,500.0,0.0,0.0,-64.08,-29.737,-32040,-14868,-29,-500,0,7,0.0,0.0,0.0,0.0,0.0,2047,2047,2047,2047,0.01,0.02,0.03,0.04,0.03,0.04,0.05,0.05,0.02,6.34,6.32,6.27,6.27,6.31,6.33,6.35,6.31,6.32,6.34,6.32,6.31,6.29,6.32,7.13,6.31,-1,0,
22.46440999629653,0,-249.0,-199.0,-199.0,-199.0,-312.0,-199.0,-312.0,-199.0,50,0.0,0.0,4,9945,19813,99023,12.536,0.0,10,500.0,0.0,0.0,-64.044,-29.719,-32022,-14859,-29,-500,0,7,0.0,0.0,0.0,0.0,0.0,2047,2047,2047,2047,0.01,0.02,0.03,0.03,0.04,0.04,0.05,0.05,0.02,6.34,6.32,6.27,6.27,6.31,6.33,6.35,6.3,6.31,6.33,6.32,6.32,6.29,6.33,7.13,6.31,-1,0,
22.56112645216124,0,-249.0,-199.0,-199.0,-199.0,-312.0,-199.0,-312.0,-199.0,50,0.0,0.0,4,9947,19812,99022,12.54,0.0,10,500.0,0.0,0.0,-64.147,-29.737,-32073,-14868,-29,-500,0,7,0.0,0.0,0.0,0.0,0.0,2047,2047,2047,2047,0.01,0.02,0.03,0.03,0.04,0.04,0.05,0.06,0.02,6.34,6.31,6.27,6.27,6.31,6.33,6.35,6.3,6.32,6.34,6.31,6.31,6.29,6.33,7.13,6.31,-1,0,
22.65752120108476,0,-249.0,-199.0,-199.0,-199.0,-312.0,-199.0,-312.0,-199.0,50,0.0,0.0,3,9946,19813,99021,12.54,0.0,10,500.0,0.0,0.0,-64.111,-29.719,-32055,-14859,-29,-500,0,7,0.0,0.0,0.0,0.0,0.0,2047,2047,2047,2047,0.01,0.02,0.03,0.03,0.04,0.04,0.05,0.05,0.02,6.34,6.32,6.27,6.27,6.32,6.33,6.35,6.3,6.31,6.33,6.31,6.31,6.29,6.33,7.13,6.31,-1,0,
22.752380375364588,0,-249.0,-199.0,-199.0,-199.0,-312.0,-199.0,-312.0,-199.0,50,0.0,0.0,4,9946,19812,99022,12.54,0.0,10,500.0,0.0,0.0,-64.111,-29.719,-32055,-14859,-29,-500,0,7,0.0,0.0,0.0,0.0,0.0,2047,2047,2047,2047,0.01,0.02,0.03,0.04,0.03,0.04,0.05,0.05,0.02,6.34,6.32,6.27,6.27,6.31,6.33,6.35,6.3,6.32,6.34,6.31,6.32,6.29,6.33,7.13,6.31,-1,0,
22.864333110897586,0,-249.0,-199.0,-199.0,-199.0,-312.0,-199.0,-312.0,-199.0,50,0.0,0.0,4,9946,19811,99023,12.536,0.0,10,500.0,0.0,0.0,-64.08,-29.737,-32040,-14868,-29,-500,0,7,0.0,0.0,0.0,0.0,0.0,2047,2047,2047,2047,0.01,0.02,0.03,0.03,0.04,0.04,0.05,0.05,0.02,6.34,6.31,6.27,6.27,6.31,6.33,6.35,6.31,6.32,6.34,6.31,6.31,6.29,6.32,7.13,6.31,-1,0,
22.961070900113835,0,-249.0,-199.0,-199.0,-199.0,-312.0,-199.0,-312.0,-199.0,50,0.0,0.0,4,9945,19814,99021,12.54,0.0,10,500.0,0.0,0.0,-64.111,-29.786,-32055,-14893,-29,-500,0,7,0.0,0.0,0.0,0.0,0.0,2047,2047,2047,2047,0.01,0.02,0.03,0.03,0.04,0.04,0.05,0.05,0.02,6.34,6.32,6.27,6.27,6.31,6.33,6.35,6.31,6.32,6.34,6.32,6.32,6.29,6.33,7.13,6.31,-1,0,
23.05637210143753,0,-249.0,-199.0,-199.0,-199.0,-312.0,-199.0,-312.0,-199.0,50,0.0,0.0,4,9947,19813,99022,12.54,0.0,10,500.0,0.0,0.0,-64.044,-29.719,-32022,-14859,-29,-500,0,7,0.0,0.0,0.0,0.0,0.0,2047,2047,2047,2047,0.01,0.02,0.03,0.03,0.03,0.04,0.05,0.05,0.02,6.34,6.32,6.27,6.27,6.31,6.33,6.35,6.31,6.32,6.34,6.31,6.32,6.29,6.32,7.13,6.31,-1,0,
23.169299344468772,0,-249.0,-199.0,-199.0,-199.0,-312.0,-199.0,-312.0,-199.0,50,0.0,0.0,4,9946,19813,99023,12.54,0.0,10,500.0,0.0,0.0,-63.88,-29.603,0,0,-29,-500,0,1,0.0,0.0,0.0,0.0,0.0,2047,2047,2047,2047,0.02,0.02,0.03,0.03,0.04,0.04,0.05,0.05,0.02,6.34,6.31,6.27,6.27,6.3,6.33,6.35,6.31,6.32,6.34,6.31,6.32,6.29,6.33,7.13,6.31,-1,0,
23.264949986090656,0,-249.0,-199.0,-199.0,-199.0,-312.0,-199.0,-312.0,-199.0,50,0.0,0.0,3,9947,19814,99020,12.54,0.0,10,500.0,0.0,0.0,-63.91,-29.652,0,0,-29,-500,0,1,0.0,0.0,0.0,0.0,0.0,2047,2047,2047,2047,0.01,0.02,0.03,0.04,0.04,0.04,0.05,0.06,0.02,6.34,6.32,6.27,6.27,6.31,6.33,6.35,6.31,6.31,6.34,6.31,6.32,6.29,6.33,7.13,6.31,-1,0,
23.361718495333115,0,-249.0,-199.0,-199.0,-199.0,-312.0,-199.0,-312.0,-199.0,50,0.0,0.0,4,9947,19813,99022,12.54,0.0,10,500.0,0.0,0.0,-63.947,-29.67,0,0,-29,-500,0,1,0.0,0.0,0.0,0.0,0.0,2047,2047,2047,2047,0.01,0.02,0.03,0.03,0.03,0.04,0.05,0.05,0.02,6.34,6.32,6.27,6.27,6.31,6.33,6.35,6.31,6.32,6.34,6.32,6.32,6.29,6.33,7.13,6.31,-1,0,
23.45753553709699,0,-249.0,-199.0,-199.0,-199.0,-312.0,-199.0,-312.0,-199.0,50,0.0,0.0,4,9716,19812,99021,12.54,0.0,10,500.0,0.0,0.0,-63.947,-29.737,0,0,-29,-500,0,1,0.0,0.0,0.0,0.0,0.0,2047,2047,2047,2047,0.01,0.02,0.03,0.03,0.04,0.04,0.05,0.05,0.02,6.34,6.32,6.27,6.27,6.31,6.33,6.35,6.31,6.32,6.33,6.32,6.31,6.29,6.32,7.13,6.31,-1,0,
23.56830128495043,0,-249.0,-199.0,-199.0,-199.0,-312.0,-199.0,-312.0,-199.0,50,0.0,0.0,3,9947,19813,99022,12.54,0.0,10,500.0,0.0,0.0,-63.91,-29.652,0,0,-29,-500,0,1,0.0,0.0,0.0,0.0,0.0,2047,2047,2047,2047,0.01,0.02,0.03,0.03,0.04,0.04,0.05,0.05,0.02,6.34,6.32,6.27,6.27,6.31,6.33,6.35,6.31,6.31,6.34,6.32,6.32,6.29,6.33,7.13,6.31,-1,0,
23.66429539353207,0,-249.0,-199.0,-199.0,-199.0,-312.0,-199.0,-312.0,-199.0,50,0.0,0.0,4,9948,19813,99022,12.54,0.0,10,500.0,0.0,0.0,-63.947,-29.67,0,0,-29,-500,0,1,0.0,0.0,0.0,0.0,0.0,2047,2047,2047,2047,0.01,0.02,0.03,0.03,0.03,0.04,0.05,0.06,0.02,6.34,6.32,6.27,6.27,6.32,6.33,6.35,6.31,6.32,6.34,6.31,6.32,6.29,6.33,7.13,6.31,-1,0,
23.760292915449956,0,-249.0,-199.0,-199.0,-199.0,-312.0,-199.0,-312.0,-199.0,50,0.0,0.0,4,9948,19813,99022,12.54,0.0,10,500.0,0.0,0.0,-63.947,-29.67,0,0,-29,-500,0,1,0.0,0.0,0.0,0.0,0.0,2047,2047,2047,2047,0.01,0.02,0.03,0.03,0.03,0.04,0.05,0.05,0.02,6.34,6.32,6.27,6.27,6.31,6.33,6.35,6.31,6.31,6.34,6.31,6.31,6.29,6.33,7.13,6.31,-1,0,
23.856679557699888,0,-249.0,-199.0,-199.0,-199.0,-312.0,-199.0,-312.0,-199.0,50,0.0,0.0,4,9946,19813,99022,12.536,0.0,10,500.0,0.0,0.0,-63.977,-29.652,0,0,-29,-500,0,1,0.0,0.0,0.0,0.0,0.0,2047,2047,2047,2047,0.02,0.02,0.03,0.03,0.04,0.04,0.05,0.06,0.02,6.34,6.32,6.27,6.27,6.31,6.33,6.35,6.31,6.32,6.34,6.32,6.31,6.29,6.33,7.13,6.31,-1,0,
23.96856317317391,0,-249.0,-199.0,-199.0,-199.0,-312.0,-199.0,-312.0,-199.0,50,0.0,0.0,3,9947,19813,99021,12.54,0.0,10,500.0,0.0,0.0,-63.91,-29.652,0,0,-29,-500,0,1,0.0,0.0,0.0,0.0,0.0,2047,2047,2047,2047,0.02,0.02,0.03,0.03,0.04,0.04,0.05,0.05,0.02,6.34,6.32,6.27,6.27,6.31,6.33,6.35,6.31,6.31,6.34,6.31,6.32,6.29,6.32,7.13,6.31,-1,0,
24.065130722244884,0,-249.0,-199.0,-199.0,-199.0,-312.0,-199.0,-312.0,-199.0,50,0.0,0.0,3,9946,19813,99022,12.54,0.0,10,500.0,0.0,0.0,-63.91,-29.652,0,0,-29,-500,0,1,0.0,0.0,0.0,0.0,0.0,2047,2047,2047,2047,0.01,0.02,0.03,0.03,0.03,0.04,0.05,0.06,0.02,6.34,6.32,6.27,6.27,6.31,6.33,6.35,6.3,6.32,6.34,6.31,6.32,6.29,6.33,7.13,6.31,-1,0,
24.160596190375415,0,-249.0,-199.0,-199.0,-199.0,-312.0,-199.0,-312.0,-199.0,50,0.0,0.0,3,9947,19813,99022,12.54,0.0,10,500.0,0.0,0.0,-64.014,-29.67,0,0,-29,-500,0,1,0.0,0.0,0.0,0.0,0.0,2047,2047,2047,2047,0.01,0.02,0.03,0.03,0.04,0.04,0.05,0.06,0.02,6.34,6.32,6.27,6.27,6.31,6.33,6.35,6.3,6.32,6.33,6.32,6.32,6.29,6.33,7.13,6.31,-1,0,
24.257645446524116,0,-249.0,-199.0,-199.0,-199.0,-312.0,-199.0,-312.0,-199.0,50,0.0,0.0,2,9948,19813,99022,12.54,0.0,10,500.0,0.0,0.0,-63.947,-29.737,0,0,-29,-500,0,1,0.0,0.0,0.0,0.0,0.0,2047,2047,2047,2047,0.01,0.02,0.03,0.04,0.04,0.04,0.05,0.06,0.02,6.34,6.32,6.27,6.27,6.31,6.33,6.35,6.31,6.31,6.34,6.31,6.32,6.29,6.33,7.13,6.31,-1,0,
24.36848244777169,0,-249.0,-199.0,-199.0,-199.0,-312.0,-199.0,-312.0,-199.0,50,0.0,0.0,4,9946,19813,99021,12.54,0.0,10,500.0,0.0,0.0,-63.947,-29.67,0,0,-29,-500,0,1,0.0,0.0,0.0,0.0,0.0,2047,2047,2047,2047,0.01,0.02,0.03,0.03,0.04,0.04,0.05,0.06,0.02,6.34,6.32,6.27,6.27,6.31,6.33,6.35,6.3,6.32,6.33,6.31,6.31,6.29,6.33,7.13,6.31,-1,0,
24.465000503467095,0,-249.0,-199.0,-199.0,-199.0,-312.0,-199.0,-312.0,-199.0,50,0.0,0.0,4,9947,19811,99022,12.54,0.0,10,500.0,0.0,0.0,-63.947,-29.67,0,0,-29,-500,0,1,0.0,0.0,0.0,0.0,0.0,2047,2047,2047,2047,0.01,0.02,0.03,0.03,0.04,0.04,0.05,0.05,0.02,6.34,6.32,6.27,6.27,6.31,6.33,6.35,6.3,6.32,6.34,6.31,6.32,6.29,6.32,7.13,6.31,-1,0,
24.561744266021773,0,-249.0,-199.0,-199.0,-199.0,-312.0,-199.0,-312.0,-199.0,50,0.0,0.0,4,9947,19813,99021,12.54,0.0,10,500.0,0.0,0.0,-63.91,-29.719,0,0,-29,-500,0,1,0.0,0.0,0.0,0.0,0.0,2047,2047,2047,2047,0.01,0.02,0.02,0.03,0.04,0.04,0.05,0.06,0.02,6.34,6.32,6.27,6.27,6.31,6.33,6.35,6.31,6.32,6.34,6.32,6.31,6.29,6.32,7.13,6.31,-1,0,
24.65710946740008,0,-249.0,-199.0,-199.0,-199.0,-312.0,-199.0,-312.0,-199.0,50,0.0,0.0,4,9946,19813,99023,12.54,0.0,10,500.0,0.0,0.0,-63.91,-29.719,0,0,-29,-500,0,1,0.0,0.0,0.0,0.0,0.0,2047,2047,2047,2047,0.01,0.02,0.03,0.03,0.04,0.04,0.05,0.06,0.02,6.34,6.32,6.27,6.27,6.31,6.33,6.35,6.3,6.32,6.34,6.31,6.31,6.29,6.33,7.13,6.31,-1,0,
24.76823233555826,0,-249.0,-199.0,-199.0,-199.0,-312.0,-199.0,-312.0,-199.0,50,0.0,0.0,4,9946,19814,99022,12.54,0.0,10,500.0,0.0,0.0,-63.977,-29.719,0,0,-29,-500,0,1,0.0,0.0,0.0,0.0,0.0,2047,2047,2047,2047,0.01,0.02,0.03,0.04,0.04,0.04,0.05,0.05,0.02,6.34,6.32,6.27,6.27,6.31,6.33,6.35,6.31,6.32,6.34,6.32,6.32,6.29,6.33,7.13,6.31,-1,0,
24.864223457470683,0,-249.0,-199.0,-199.0,-199.0,-312.0,-199.0,-312.0,-199.0,50,0.0,0.0,2,9946,19813,99022,12.54,0.0,10,500.0,0.0,0.0,-63.88,-29.67,0,0,-29,-500,0,1,0.0,0.0,0.0,0.0,0.0,2047,2047,2047,2047,0.01,0.02,0.03,0.04,0.04,0.04,0.05,0.05,0.02,6.34,6.32,6.26,6.27,6.31,6.33,6.35,6.31,6.32,6.33,6.31,6.32,6.29,6.33,7.13,6.31,-1,0,
24.96081319322726,0,-249.0,-199.0,-199.0,-199.0,-312.0,-199.0,-312.0,-199.0,50,0.0,0.0,3,9947,19813,99020,12.536,0.0,10,500.0,0.0,0.0,-63.947,-29.67,0,0,-29,-500,0,1,0.0,0.0,0.0,0.0,0.0,2047,2047,2047,2047,0.01,0.02,0.03,0.03,0.04,0.04,0.05,0.06,0.02,6.34,6.32,6.27,6.27,6.31,6.33,6.35,6.31,6.32,6.33,6.31,6.32,6.29,6.33,7.13,6.31,-1,0,
25.056304688046666,0,-249.0,-199.0,-199.0,-199.0,-312.0,-199.0,-312.0,-199.0,50,0.0,0.0,4,9946,19813,99023,12.54,0.0,10,500.0,0.0,0.0,-64.014,-29.67,0,0,-29,-500,0,1,0.0,0.0,0.0,0.0,0.0,2047,2047,2047,2047,0.01,0.02,0.03,0.03,0.04,0.04,0.05,0.05,0.02,6.34,6.32,6.27,6.27,6.31,6.33,6.35,6.31,6.32,6.34,6.31,6.31,6.29,6.33,7.13,6.31,-1,0,
25.16847374376426,0,-249.0,-199.0,-199.0,-199.0,-312.0,-199.0,-312.0,-199.0,50,0.0,0.0,4,9946,19813,99023,12.54,0.0,10,500.0,0.0,0.0,-63.947,-29.67,0,0,-29,-500,0,1,0.0,0.0,0.0,0.0,0.0,2047,2047,2047,2047,0.01,0.02,0.03,0.03,0.04,0.04,0.05,0.06,0.02,6.34,6.32,6.27,6.27,6.31,6.33,6.35,6.31,6.32,6.33,6.32,6.31,6.29,6.33,7.13,6.31,-1,0,
25.264267318841444,0,-249.0,-199.0,-199.0,-199.0,-312.0,-199.0,-312.0,-199.0,50,0.0,0.0,3,9948,19813,99020,12.54,0.0,10,500.0,0.0,0.0,-63.947,-29.67,0,0,-29,-500,0,1,0.0,0.0,0.0,0.0,0.0,2047,2047,2047,2047,0.01,0.02,0.03,0.03,0.04,0.04,0.05,0.06,0.02,6.34,6.32,6.27,6.27,6.31,6.33,6.35,6.3,6.32,6.34,6.32,6.32,6.29,6.33,7.13,6.31,-1,0,
25.360386440863095,0,-249.0,-199.0,-199.0,-199.0,-312.0,-199.0,-312.0,-199.0,50,0.0,0.0,4,9948,19813,99023,12.54,0.0,10,500.0,0.0,0.0,-63.947,-29.67,0,0,-29,-500,0,1,0.0,0.0,0.0,0.0,0.0,2047,2047,2047,2047,0.01,0.02,0.03,0.03,0.04,0.04,0.05,0.05,0.02,6.34,6.32,6.27,6.27,6.31,6.33,6.35,6.3,6.31,6.34,6.32,6.31,6.29,6.33,7.13,6.31,-1,0,
25.4562926560364,0,-249.0,-199.0,-199.0,-199.0,-312.0,-199.0,-312.0,-199.0,50,0.0,0.0,4,9947,19813,99021,12.54,0.0,10,500.0,0.0,0.0,-64.014,-29.67,0,0,-29,-500,0,1,0.0,0.0,0.0,0.0,0.0,2047,2047,2047,2047,0.01,0.02,0.03,0.03,0.04,0.04,0.05,0.05,0.02,6.34,6.31,6.27,6.27,6.32,6.33,6.35,6.3,6.32,6.34,6.31,6.31,6.29,6.33,7.13,6.31,-1,0,
25.56974555284954,0,-249.0,-199.0,-199.0,-199.0,-312.0,-199.0,-312.0,-199.0,50,0.0,0.0,4,9947,19813,99024,12.54,0.0,10,500.0,0.0,0.0,-64.08,-29.737,0,0,-29,-500,0,1,0.0,0.0,0.0,0.0,0.0,2047,2047,2047,2047,0.01,0.02,0.03,0.04,0.04,0.04,0.05,0.06,0.02,6.34,6.32,6.27,6.27,6.31,6.33,6.35,6.31,6.32,6.34,6.31,6.32,6.29,6.33,7.13,6.31,-1,0,
25.665051447510567,0,-249.0,-199.0,-199.0,-199.0,-312.0,-199.0,-312.0,-199.0,50,0.0,0.0,4,9947,19813,99020,12.54,0.0,10,500.0,0.0,0.0,-63.947,-29.67,0,0,-29,-500,0,1,0.0,0.0,0.0,0.0,0.0,2047,2047,2047,2047,0.01,0.02,0.03,0.03,0.04,0.05,0.05,0.05,0.01,6.34,6.32,6.27,6.27,6.31,6.33,6.35,6.31,6.32,6.34,6.31,6.32,6.29,6.33,7.13,6.31,-1,0,
25.76071403580931,0,-249.0,-199.0,-199.0,-199.0,-312.0,-199.0,-312.0,-199.0,50,0.0,0.0,4,9947,19813,99021,12.54,0.0,10,500.0,0.0,0.0,-63.947,-29.737,0,0,-29,-500,0,1,0.0,0.0,0.0,0.0,0.0,2047,2047,2047,2047,0.01,0.02,0.03,0.03,0.04,0.04,0.05,0.05,0.02,6.34,6.32,6.26,6.27,6.31,6.33,6.35,6.3,6.32,6.34,6.32,6.32,6.29,6.33,7.13,6.31,-1,0,
25.856433797490173,0,-249.0,-199.0,-199.0,-199.0,-312.0,-199.0,-312.0,-199.0,50,0.0,0.0,3,9947,19813,99022,12.54,0.0,10,500.0,0.0,0.0,-63.91,-29.652,0,0,-29,-500,0,1,0.0,0.0,0.0,0.0,0.0,2047,2047,2047,2047,0.01,0.02,0.03,0.03,0.04,0.04,0.05,0.06,0.02,6.34,6.32,6.27,6.27,6.31,6.33,6.35,6.31,6.32,6.34,6.31,6.31,6.29,6.33,7.13,6.31,-1,0,
25.96827645292924,0,-249.0,-199.0,-199.0,-199.0,-312.0,-199.0,-312.0,-199.0,50,0.0,0.0,3,9770,19813,99022,12.54,0.0,10,500.0,0.0,0.0,-63.947,-29.737,0,0,-29,-500,0,1,0.0,0.0,0.0,0.0,0.0,2047,2047,2047,2047,0.01,0.02,0.03,0.04,0.04,0.04,0.05,0.06,0.02,6.34,6.32,6.27,6.27,6.31,6.33,6.35,6.31,6.31,6.34,6.31,6.31,6.29,6.33,7.13,6.31,-1,0,
26.064958348764456,0,-249.0,-199.0,-199.0,-199.0,-312.0,-199.0,-312.0,-199.0,50,0.0,0.0,4,9947,19814,99022,12.54,0.0,10,500.0,0.0,0.0,-63.947,-29.737,0,0,-29,-500,0,1,0.0,0.0,0.0,0.0,0.0,2047,2047,2047,2047,0.01,0.02,0.03,0.04,0.04,0.04,0.05,0.05,0.02,6.34,6.32,6.27,6.27,6.31,6.33,6.35,6.3,6.32,6.34,6.32,6.32,6.29,6.33,7.13,6.31,-1,0,
26.160183603356675,0,-249.0,-199.0,-199.0,-199.0,-312.0,-199.0,-312.0,-199.0,50,0.0,0.0,4,9947,19813,99022,12.54,0.0,10,500.0,0.0,0.0,-63.91,-29.652,0,0,-29,-500,0,1,0.0,0.0,0.0,0.0,0.0,2047,2047,2047,2047,0.01,0.02,0.03,0.03,0.04,0.04,0.05,0.05,0.02,6.34,6.32,6.27,6.27,6.31,6.33,6.35,6.3,6.32,6.34,6.31,6.31,6.29,6.33,7.13,6.31,-1,0,
26.272859112839775,0,-249.0,-199.0,-199.0,-199.0,-312.0,-199.0,-312.0,-199.0,50,0.0,0.0,4,9946,19813,99021,12.54,0.0,10,500.0,0.0,0.0,-63.947,-29.737,0,0,-29,-500,0,1,0.0,0.0,0.0,0.0,0.0,2047,2047,2047,2047,0.01,0.02,0.03,0.03,0.03,0.04,0.05,0.05,0.02,6.34,6.32,6.27,6.27,6.31,6.33,6.35,6.31,6.32,6.34,6.31,6.32,6.29,6.33,7.13,6.31,-1,0,
26.368578447853608,0,-249.0,-199.0,-199.0,-199.0,-312.0,-199.0,-312.0,-199.0,50,0.0,0.0,4,9946,19813,99023,12.54,0.0,10,500.0,0.0,0.0,-63.91,-29.652,0,0,-29,-500,0,1,0.0,0.0,0.0,0.0,0.0,2047,2047,2047,2047,0.01,0.02,0.03,0.03,0.04,0.04,0.05,0.05,0.02,6.33,6.32,6.27,6.27,6.31,6.33,6.35,6.31,6.32,6.33,6.32,6.31,6.29,6.33,7.13,6.31,-1,0,
